variant,class,count
A3C,missense,38
A3D,missense,44
A3E,missense,76
A3F,missense,86
A3G,missense,79
A3G,missense,79
A3H,missense,30
A3I,missense,105
A3K,missense,58
A3L,missense,65
A3L,missense,65
A3L,missense,65
A3M,missense,67
A3N,missense,73
A3P,missense,28
A3P,missense,28
A3Q,missense,35
A3R,missense,107
A3R,missense,107
A3R,missense,107
A3S,missense,92
A3S,missense,92
A3S,missense,92
A3T,missense,65
A3T,missense,65
A3V,missense,45
A3V,missense,45
A3W,missense,1
A3Y,missense,61
A40C,missense,79
A40D,missense,52
A40E,missense,110
A40F,missense,96
A40G,missense,87
A40G,missense,87
A40H,missense,96
A40I,missense,45
A40K,missense,35
A40L,missense,100
A40L,missense,100
A40L,missense,100
A40M,missense,61
A40N,missense,21
A40P,missense,102
A40P,missense,102
A40Q,missense,104
A40R,missense,56
A40R,missense,56
A40R,missense,56
A40S,missense,39
A40S,missense,39
A40S,missense,39
A40T,missense,38
A40T,missense,38
A40V,missense,95
A40V,missense,95
A40W,missense,164
A40Y,missense,37
A5C,missense,42
A5D,missense,98
A5E,missense,116
A5F,missense,76
A5G,missense,52
A5G,missense,52
A5H,missense,126
A5I,missense,70
A5K,missense,64
A5L,missense,81
A5L,missense,81
A5L,missense,81
A5M,missense,0
A5N,missense,91
A5P,missense,84
A5P,missense,84
A5Q,missense,75
A5R,missense,41
A5R,missense,41
A5R,missense,41
A5S,missense,66
A5S,missense,66
A5S,missense,66
A5T,missense,99
A5T,missense,99
A5V,missense,50
A5V,missense,50
A5W,missense,66
A5Y,missense,114
A60C,missense,54
A60D,missense,51
A60E,missense,64
A60F,missense,23
A60G,missense,45
A60G,missense,45
A60H,missense,52
A60I,missense,70
A60K,missense,71
A60L,missense,35
A60L,missense,35
A60L,missense,35
A60M,missense,24
A60N,missense,29
A60P,missense,95
A60P,missense,95
A60Q,missense,52
A60R,missense,63
A60R,missense,63
A60R,missense,63
A60S,missense,30
A60S,missense,30
A60S,missense,30
A60T,missense,54
A60T,missense,54
A60V,missense,77
A60V,missense,77
A60W,missense,66
A60Y,missense,81
A68C,missense,55
A68D,missense,31
A68E,missense,77
A68F,missense,54
A68G,missense,58
A68G,missense,58
A68H,missense,59
A68I,missense,67
A68K,missense,61
A68L,missense,66
A68L,missense,66
A68L,missense,66
A68M,missense,83
A68N,missense,81
A68P,missense,26
A68P,missense,26
A68Q,missense,65
A68R,missense,71
A68R,missense,71
A68R,missense,71
A68S,missense,74
A68S,missense,74
A68S,missense,74
A68T,missense,82
A68T,missense,82
A68V,missense,33
A68V,missense,33
A68W,missense,32
A68Y,missense,105
A69C,missense,90
A69D,missense,19
A69E,missense,55
A69F,missense,87
A69G,missense,123
A69G,missense,123
A69H,missense,75
A69I,missense,108
A69K,missense,27
A69L,missense,49
A69L,missense,49
A69L,missense,49
A69M,missense,53
A69N,missense,115
A69P,missense,89
A69P,missense,89
A69Q,missense,73
A69R,missense,50
A69R,missense,50
A69R,missense,50
A69S,missense,59
A69S,missense,59
A69S,missense,59
A69T,missense,83
A69T,missense,83
A69V,missense,50
A69V,missense,50
A69W,missense,31
A69Y,missense,79
A78C,missense,51
A78D,missense,21
A78E,missense,41
A78F,missense,43
A78G,missense,36
A78G,missense,36
A78H,missense,71
A78I,missense,41
A78K,missense,22
A78L,missense,101
A78L,missense,101
A78L,missense,101
A78M,missense,41
A78N,missense,46
A78P,missense,42
A78P,missense,42
A78Q,missense,46
A78R,missense,65
A78R,missense,65
A78R,missense,65
A78S,missense,78
A78S,missense,78
A78S,missense,78
A78T,missense,4
A78T,missense,4
A78V,missense,59
A78V,missense,59
A78W,missense,35
A78Y,missense,34
C140A,missense,87
C140A,missense,87
C140D,missense,87
C140E,missense,51
C140F,missense,51
C140G,missense,62
C140G,missense,62
C140H,missense,22
C140I,missense,57
C140K,missense,113
C140L,missense,66
C140L,missense,66
C140L,missense,66
C140M,missense,111
C140N,missense,46
C140P,missense,40
C140P,missense,40
C140Q,missense,28
C140R,missense,59
C140R,missense,59
C140R,missense,59
C140S,missense,16
C140S,missense,16
C140S,missense,16
C140T,missense,45
C140T,missense,45
C140V,missense,23
C140V,missense,23
C140W,missense,50
C140Y,missense,59
C23A,missense,57
C23A,missense,57
C23D,missense,72
C23E,missense,83
C23F,missense,81
C23G,missense,49
C23G,missense,49
C23H,missense,84
C23I,missense,46
C23K,missense,30
C23L,missense,63
C23L,missense,63
C23L,missense,63
C23M,missense,52
C23N,missense,46
C23P,missense,71
C23P,missense,71
C23Q,missense,41
C23R,missense,66
C23R,missense,66
C23R,missense,66
C23S,missense,59
C23S,missense,59
C23S,missense,59
C23T,missense,46
C23T,missense,46
C23V,missense,74
C23V,missense,74
C23W,missense,61
C23Y,missense,47
C28A,missense,72
C28A,missense,72
C28D,missense,63
C28E,missense,34
C28F,missense,101
C28G,missense,46
C28G,missense,46
C28H,missense,119
C28I,missense,49
C28K,missense,73
C28L,missense,70
C28L,missense,70
C28L,missense,70
C28M,missense,46
C28N,missense,75
C28P,missense,75
C28P,missense,75
C28Q,missense,53
C28R,missense,40
C28R,missense,40
C28R,missense,40
C28S,missense,44
C28S,missense,44
C28S,missense,44
C28T,missense,61
C28T,missense,61
C28V,missense,126
C28V,missense,126
C28W,missense,103
C28Y,missense,67
C59A,missense,57
C59A,missense,57
C59D,missense,52
C59E,missense,84
C59F,missense,49
C59G,missense,42
C59G,missense,42
C59H,missense,64
C59I,missense,104
C59K,missense,74
C59L,missense,86
C59L,missense,86
C59L,missense,86
C59M,missense,54
C59N,missense,19
C59P,missense,40
C59P,missense,40
C59Q,missense,43
C59R,missense,45
C59R,missense,45
C59R,missense,45
C59S,missense,43
C59S,missense,43
C59S,missense,43
C59T,missense,56
C59T,missense,56
C59V,missense,44
C59V,missense,44
C59W,missense,81
C59Y,missense,67
D102A,missense,42
D102A,missense,42
D102C,missense,42
D102E,missense,16
D102F,missense,16
D102G,missense,44
D102G,missense,44
D102H,missense,13
D102I,missense,12
D102K,missense,18
D102L,missense,40
D102L,missense,40
D102L,missense,40
D102M,missense,26
D102N,missense,6
D102P,missense,41
D102P,missense,41
D102Q,missense,38
D102R,missense,6
D102R,missense,6
D102R,missense,6
D102S,missense,44
D102S,missense,44
D102S,missense,44
D102T,missense,21
D102T,missense,21
D102V,missense,9
D102V,missense,9
D102W,missense,5
D102Y,missense,26
D106A,missense,89
D106A,missense,89
D106C,missense,52
D106E,missense,47
D106F,missense,82
D106G,missense,69
D106G,missense,69
D106H,missense,85
D106I,missense,76
D106K,missense,39
D106L,missense,85
D106L,missense,85
D106L,missense,85
D106M,missense,57
D106N,missense,63
D106P,missense,42
D106P,missense,42
D106Q,missense,89
D106R,missense,41
D106R,missense,41
D106R,missense,41
D106S,missense,59
D106S,missense,59
D106S,missense,59
D106T,missense,52
D106T,missense,52
D106V,missense,35
D106V,missense,35
D106W,missense,90
D106Y,missense,93
D132A,missense,92
D132A,missense,92
D132C,missense,67
D132E,missense,120
D132F,missense,85
D132G,missense,108
D132G,missense,108
D132H,missense,104
D132I,missense,85
D132K,missense,72
D132L,missense,68
D132L,missense,68
D132L,missense,68
D132M,missense,114
D132N,missense,110
D132P,missense,98
D132P,missense,98
D132Q,missense,74
D132R,missense,76
D132R,missense,76
D132R,missense,76
D132S,missense,44
D132S,missense,44
D132S,missense,44
D132T,missense,114
D132T,missense,114
D132V,missense,142
D132V,missense,142
D132W,missense,109
D132Y,missense,104
D147A,missense,51
D147A,missense,51
D147C,missense,15
D147E,missense,42
D147F,missense,8
D147G,missense,53
D147G,missense,53
D147H,missense,29
D147I,missense,23
D147K,missense,41
D147L,missense,29
D147L,missense,29
D147L,missense,29
D147M,missense,10
D147N,missense,27
D147P,missense,18
D147P,missense,18
D147Q,missense,23
D147R,missense,7
D147R,missense,7
D147R,missense,7
D147S,missense,33
D147S,missense,33
D147S,missense,33
D147T,missense,13
D147T,missense,13
D147V,missense,5
D147V,missense,5
D147W,missense,15
D147Y,missense,38
D152A,missense,28
D152A,missense,28
D152C,missense,42
D152E,missense,25
D152F,missense,43
D152G,missense,3
D152G,missense,3
D152H,missense,19
D152I,missense,42
D152K,missense,52
D152L,missense,50
D152L,missense,50
D152L,missense,50
D152M,missense,16
D152N,missense,46
D152P,missense,12
D152P,missense,12
D152Q,missense,66
D152R,missense,36
D152R,missense,36
D152R,missense,36
D152S,missense,28
D152S,missense,28
D152S,missense,28
D152T,missense,17
D152T,missense,17
D152V,missense,29
D152V,missense,29
D152W,missense,44
D152Y,missense,25
E100A,missense,82
E100A,missense,82
E100C,missense,21
E100D,missense,55
E100F,missense,15
E100G,missense,33
E100G,missense,33
E100H,missense,37
E100I,missense,28
E100K,missense,27
E100L,missense,26
E100L,missense,26
E100L,missense,26
E100M,missense,21
E100N,missense,25
E100P,missense,13
E100P,missense,13
E100Q,missense,45
E100R,missense,26
E100R,missense,26
E100R,missense,26
E100S,missense,22
E100S,missense,22
E100S,missense,22
E100T,missense,24
E100T,missense,24
E100V,missense,42
E100V,missense,42
E100W,missense,13
E100Y,missense,40
E108A,missense,55
E108A,missense,55
E108C,missense,39
E108D,missense,39
E108F,missense,23
E108G,missense,21
E108G,missense,21
E108H,missense,33
E108I,missense,11
E108K,missense,50
E108L,missense,37
E108L,missense,37
E108L,missense,37
E108M,missense,42
E108N,missense,33
E108P,missense,11
E108P,missense,11
E108Q,missense,11
E108R,missense,52
E108R,missense,52
E108R,missense,52
E108S,missense,48
E108S,missense,48
E108S,missense,48
E108T,missense,62
E108T,missense,62
E108V,missense,70
E108V,missense,70
E108W,missense,47
E108Y,missense,49
E113A,missense,118
E113A,missense,118
E113C,missense,55
E113D,missense,75
E113F,missense,21
E113G,missense,44
E113G,missense,44
E113H,missense,61
E113I,missense,45
E113K,missense,33
E113L,missense,66
E113L,missense,66
E113L,missense,66
E113M,missense,48
E113N,missense,29
E113P,missense,30
E113P,missense,30
E113Q,missense,109
E113R,missense,46
E113R,missense,46
E113R,missense,46
E113S,missense,81
E113S,missense,81
E113S,missense,81
E113T,missense,53
E113T,missense,53
E113V,missense,49
E113V,missense,49
E113W,missense,55
E113Y,missense,76
E115A,missense,73
E115A,missense,73
E115C,missense,41
E115D,missense,127
E115F,missense,59
E115G,missense,95
E115G,missense,95
E115H,missense,33
E115I,missense,106
E115K,missense,54
E115L,missense,48
E115L,missense,48
E115L,missense,48
E115M,missense,79
E115N,missense,99
E115P,missense,79
E115P,missense,79
E115Q,missense,49
E115R,missense,38
E115R,missense,38
E115R,missense,38
E115S,missense,59
E115S,missense,59
E115S,missense,59
E115T,missense,55
E115T,missense,55
E115V,missense,102
E115V,missense,102
E115W,missense,67
E115Y,missense,46
E118A,missense,41
E118A,missense,41
E118C,missense,90
E118D,missense,58
E118F,missense,42
E118G,missense,53
E118G,missense,53
E118H,missense,55
E118I,missense,64
E118K,missense,67
E118L,missense,68
E118L,missense,68
E118L,missense,68
E118M,missense,98
E118N,missense,67
E118P,missense,66
E118P,missense,66
E118Q,missense,110
E118R,missense,90
E118R,missense,90
E118R,missense,90
E118S,missense,37
E118S,missense,37
E118S,missense,37
E118T,missense,45
E118T,missense,45
E118V,missense,117
E118V,missense,117
E118W,missense,67
E118Y,missense,95
E121A,missense,49
E121A,missense,49
E121C,missense,52
E121D,missense,46
E121F,missense,66
E121G,missense,48
E121G,missense,48
E121H,missense,92
E121I,missense,68
E121K,missense,67
E121L,missense,74
E121L,missense,74
E121L,missense,74
E121M,missense,113
E121N,missense,59
E121P,missense,71
E121P,missense,71
E121Q,missense,88
E121R,missense,42
E121R,missense,42
E121R,missense,42
E121S,missense,55
E121S,missense,55
E121S,missense,55
E121T,missense,31
E121T,missense,31
E121V,missense,108
E121V,missense,108
E121W,missense,101
E121Y,missense,39
E126A,missense,111
E126A,missense,111
E126C,missense,81
E126D,missense,47
E126F,missense,141
E126G,missense,46
E126G,missense,46
E126H,missense,66
E126I,missense,64
E126K,missense,12
E126L,missense,38
E126L,missense,38
E126L,missense,38
E126M,missense,80
E126N,missense,49
E126P,missense,53
E126P,missense,53
E126Q,missense,0
E126R,missense,38
E126R,missense,38
E126R,missense,38
E126S,missense,43
E126S,missense,43
E126S,missense,43
E126T,missense,107
E126T,missense,107
E126V,missense,66
E126V,missense,66
E126W,missense,50
E126Y,missense,60
E127A,missense,134
E127A,missense,134
E127C,missense,98
E127D,missense,109
E127F,missense,115
E127G,missense,77
E127G,missense,77
E127H,missense,30
E127I,missense,153
E127K,missense,133
E127L,missense,112
E127L,missense,112
E127L,missense,112
E127M,missense,137
E127N,missense,94
E127P,missense,43
E127P,missense,43
E127Q,missense,95
E127R,missense,99
E127R,missense,99
E127R,missense,99
E127S,missense,54
E127S,missense,54
E127S,missense,54
E127T,missense,41
E127T,missense,41
E127V,missense,137
E127V,missense,137
E127W,missense,176
E127Y,missense,134
E143A,missense,43
E143A,missense,43
E143C,missense,60
E143D,missense,36
E143F,missense,46
E143G,missense,30
E143G,missense,30
E143H,missense,33
E143I,missense,23
E143K,missense,35
E143L,missense,59
E143L,missense,59
E143L,missense,59
E143M,missense,24
E143N,missense,46
E143P,missense,60
E143P,missense,60
E143Q,missense,19
E143R,missense,21
E143R,missense,21
E143R,missense,21
E143S,missense,36
E143S,missense,36
E143S,missense,36
E143T,missense,30
E143T,missense,30
E143V,missense,38
E143V,missense,38
E143W,missense,27
E143Y,missense,60
E151A,missense,11
E151A,missense,11
E151C,missense,18
E151D,missense,25
E151F,missense,48
E151G,missense,11
E151G,missense,11
E151H,missense,12
E151I,missense,16
E151K,missense,9
E151L,missense,16
E151L,missense,16
E151L,missense,16
E151M,missense,11
E151N,missense,21
E151P,missense,28
E151P,missense,28
E151Q,missense,22
E151R,missense,11
E151R,missense,11
E151R,missense,11
E151S,missense,27
E151S,missense,27
E151S,missense,27
E151T,missense,16
E151T,missense,16
E151V,missense,30
E151V,missense,30
E151W,missense,10
E151Y,missense,11
E51A,missense,16
E51A,missense,16
E51C,missense,21
E51D,missense,19
E51F,missense,8
E51G,missense,8
E51G,missense,8
E51H,missense,21
E51I,missense,9
E51K,missense,22
E51L,missense,33
E51L,missense,33
E51L,missense,33
E51M,missense,19
E51N,missense,16
E51P,missense,12
E51P,missense,12
E51Q,missense,21
E51R,missense,30
E51R,missense,30
E51R,missense,30
E51S,missense,9
E51S,missense,9
E51S,missense,9
E51T,missense,7
E51T,missense,7
E51V,missense,10
E51V,missense,10
E51W,missense,20
E51Y,missense,16
E54A,missense,62
E54A,missense,62
E54C,missense,60
E54D,missense,91
E54F,missense,60
E54G,missense,47
E54G,missense,47
E54H,missense,63
E54I,missense,61
E54K,missense,66
E54L,missense,120
E54L,missense,120
E54L,missense,120
E54M,missense,39
E54N,missense,39
E54P,missense,68
E54P,missense,68
E54Q,missense,58
E54R,missense,37
E54R,missense,37
E54R,missense,37
E54S,missense,74
E54S,missense,74
E54S,missense,74
E54T,missense,39
E54T,missense,39
E54V,missense,121
E54V,missense,121
E54W,missense,78
E54Y,missense,52
E57A,missense,29
E57A,missense,29
E57C,missense,53
E57D,missense,40
E57F,missense,61
E57G,missense,64
E57G,missense,64
E57H,missense,34
E57I,missense,25
E57K,missense,41
E57L,missense,60
E57L,missense,60
E57L,missense,60
E57M,missense,52
E57N,missense,60
E57P,missense,76
E57P,missense,76
E57Q,missense,60
E57R,missense,62
E57R,missense,62
E57R,missense,62
E57S,missense,77
E57S,missense,77
E57S,missense,77
E57T,missense,73
E57T,missense,73
E57V,missense,82
E57V,missense,82
E57W,missense,95
E57Y,missense,18
E58A,missense,71
E58A,missense,71
E58C,missense,66
E58D,missense,58
E58F,missense,42
E58G,missense,73
E58G,missense,73
E58H,missense,74
E58I,missense,61
E58K,missense,81
E58L,missense,37
E58L,missense,37
E58L,missense,37
E58M,missense,79
E58N,missense,30
E58P,missense,94
E58P,missense,94
E58Q,missense,31
E58R,missense,90
E58R,missense,90
E58R,missense,90
E58S,missense,34
E58S,missense,34
E58S,missense,34
E58T,missense,31
E58T,missense,31
E58V,missense,128
E58V,missense,128
E58W,missense,55
E58Y,missense,39
E63A,missense,67
E63A,missense,67
E63C,missense,37
E63D,missense,78
E63F,missense,65
E63G,missense,92
E63G,missense,92
E63H,missense,88
E63I,missense,71
E63K,missense,61
E63L,missense,28
E63L,missense,28
E63L,missense,28
E63M,missense,75
E63N,missense,100
E63P,missense,38
E63P,missense,38
E63Q,missense,57
E63R,missense,64
E63R,missense,64
E63R,missense,64
E63S,missense,23
E63S,missense,23
E63S,missense,23
E63T,missense,74
E63T,missense,74
E63V,missense,70
E63V,missense,70
E63W,missense,39
E63Y,missense,103
E66A,missense,88
E66A,missense,88
E66C,missense,43
E66D,missense,69
E66F,missense,90
E66G,missense,59
E66G,missense,59
E66H,missense,97
E66I,missense,48
E66K,missense,32
E66L,missense,60
E66L,missense,60
E66L,missense,60
E66M,missense,135
E66N,missense,83
E66P,missense,62
E66P,missense,62
E66Q,missense,54
E66R,missense,41
E66R,missense,41
E66R,missense,41
E66S,missense,72
E66S,missense,72
E66S,missense,72
E66T,missense,88
E66T,missense,88
E66V,missense,74
E66V,missense,74
E66W,missense,69
E66Y,missense,64
E67A,missense,59
E67A,missense,59
E67C,missense,23
E67D,missense,62
E67F,missense,102
E67G,missense,86
E67G,missense,86
E67H,missense,63
E67I,missense,62
E67K,missense,46
E67L,missense,90
E67L,missense,90
E67L,missense,90
E67M,missense,27
E67N,missense,110
E67P,missense,73
E67P,missense,73
E67Q,missense,69
E67R,missense,77
E67R,missense,77
E67R,missense,77
E67S,missense,50
E67S,missense,50
E67S,missense,50
E67T,missense,77
E67T,missense,77
E67V,missense,99
E67V,missense,99
E67W,missense,116
E67Y,missense,43
E86A,missense,28
E86A,missense,28
E86C,missense,12
E86D,missense,46
E86F,missense,86
E86G,missense,44
E86G,missense,44
E86H,missense,43
E86I,missense,32
E86K,missense,43
E86L,missense,49
E86L,missense,49
E86L,missense,49
E86M,missense,24
E86N,missense,16
E86P,missense,17
E86P,missense,17
E86Q,missense,52
E86R,missense,36
E86R,missense,36
E86R,missense,36
E86S,missense,49
E86S,missense,49
E86S,missense,49
E86T,missense,35
E86T,missense,35
E86V,missense,60
E86V,missense,60
E86W,missense,40
E86Y,missense,31
E88A,missense,21
E88A,missense,21
E88C,missense,26
E88D,missense,48
E88F,missense,33
E88G,missense,40
E88G,missense,40
E88H,missense,12
E88I,missense,47
E88K,missense,36
E88L,missense,32
E88L,missense,32
E88L,missense,32
E88M,missense,4
E88N,missense,35
E88P,missense,9
E88P,missense,9
E88Q,missense,25
E88R,missense,33
E88R,missense,33
E88R,missense,33
E88S,missense,30
E88S,missense,30
E88S,missense,30
E88T,missense,31
E88T,missense,31
E88V,missense,22
E88V,missense,22
E88W,missense,24
E88Y,missense,5
F135A,missense,104
F135A,missense,104
F135C,missense,32
F135D,missense,61
F135E,missense,54
F135G,missense,85
F135G,missense,85
F135H,missense,54
F135I,missense,49
F135K,missense,59
F135L,missense,126
F135L,missense,126
F135L,missense,126
F135M,missense,130
F135N,missense,75
F135P,missense,45
F135P,missense,45
F135Q,missense,111
F135R,missense,73
F135R,missense,73
F135R,missense,73
F135S,missense,29
F135S,missense,29
F135S,missense,29
F135T,missense,85
F135T,missense,85
F135V,missense,133
F135V,missense,133
F135W,missense,93
F135Y,missense,87
F149A,missense,8
F149A,missense,8
F149C,missense,33
F149D,missense,30
F149E,missense,16
F149G,missense,27
F149G,missense,27
F149H,missense,55
F149I,missense,28
F149K,missense,19
F149L,missense,60
F149L,missense,60
F149L,missense,60
F149M,missense,26
F149N,missense,24
F149P,missense,14
F149P,missense,14
F149Q,missense,38
F149R,missense,13
F149R,missense,13
F149R,missense,13
F149S,missense,43
F149S,missense,43
F149S,missense,43
F149T,missense,53
F149T,missense,53
F149V,missense,9
F149V,missense,9
F149W,missense,26
F149Y,missense,39
F43A,missense,20
F43A,missense,20
F43C,missense,7
F43D,missense,70
F43E,missense,56
F43G,missense,108
F43G,missense,108
F43H,missense,22
F43I,missense,25
F43K,missense,48
F43L,missense,56
F43L,missense,56
F43L,missense,56
F43M,missense,48
F43N,missense,21
F43P,missense,95
F43P,missense,95
F43Q,missense,74
F43R,missense,60
F43R,missense,60
F43R,missense,60
F43S,missense,24
F43S,missense,24
F43S,missense,24
F43T,missense,35
F43T,missense,35
F43V,missense,65
F43V,missense,65
F43W,missense,53
F43Y,missense,20
F52A,missense,19
F52A,missense,19
F52C,missense,21
F52D,missense,4
F52E,missense,18
F52G,missense,30
F52G,missense,30
F52H,missense,2
F52I,missense,22
F52K,missense,7
F52L,missense,26
F52L,missense,26
F52L,missense,26
F52M,missense,34
F52N,missense,7
F52P,missense,12
F52P,missense,12
F52Q,missense,5
F52R,missense,9
F52R,missense,9
F52R,missense,9
F52S,missense,51
F52S,missense,51
F52S,missense,51
F52T,missense,8
F52T,missense,8
F52V,missense,18
F52V,missense,18
F52W,missense,16
F52Y,missense,18
F77A,missense,42
F77A,missense,42
F77C,missense,118
F77D,missense,92
F77E,missense,74
F77G,missense,119
F77G,missense,119
F77H,missense,62
F77I,missense,94
F77K,missense,93
F77L,missense,56
F77L,missense,56
F77L,missense,56
F77M,missense,96
F77N,missense,39
F77P,missense,73
F77P,missense,73
F77Q,missense,83
F77R,missense,98
F77R,missense,98
F77R,missense,98
F77S,missense,64
F77S,missense,64
F77S,missense,64
F77T,missense,61
F77T,missense,61
F77V,missense,67
F77V,missense,67
F77W,missense,66
F77Y,missense,78
F84A,missense,28
F84A,missense,28
F84C,missense,65
F84D,missense,91
F84E,missense,20
F84G,missense,46
F84G,missense,46
F84H,missense,26
F84I,missense,87
F84K,missense,39
F84L,missense,13
F84L,missense,13
F84L,missense,13
F84M,missense,43
F84N,missense,49
F84P,missense,43
F84P,missense,43
F84Q,missense,61
F84R,missense,46
F84R,missense,46
F84R,missense,46
F84S,missense,31
F84S,missense,31
F84S,missense,31
F84T,missense,35
F84T,missense,35
F84V,missense,43
F84V,missense,43
F84W,missense,45
F84Y,missense,98
G137A,missense,137
G137A,missense,137
G137C,missense,136
G137D,missense,174
G137E,missense,199
G137F,missense,80
G137H,missense,116
G137I,missense,84
G137K,missense,197
G137L,missense,127
G137L,missense,127
G137L,missense,127
G137M,missense,137
G137N,missense,204
G137P,missense,82
G137P,missense,82
G137Q,missense,158
G137R,missense,146
G137R,missense,146
G137R,missense,146
G137S,missense,141
G137S,missense,141
G137S,missense,141
G137T,missense,174
G137T,missense,174
G137V,missense,164
G137V,missense,164
G137W,missense,147
G137Y,missense,67
G13A,missense,29
G13A,missense,29
G13C,missense,26
G13D,missense,107
G13E,missense,38
G13F,missense,45
G13H,missense,33
G13I,missense,58
G13K,missense,33
G13L,missense,46
G13L,missense,46
G13L,missense,46
G13M,missense,27
G13N,missense,62
G13P,missense,33
G13P,missense,33
G13Q,missense,52
G13R,missense,56
G13R,missense,56
G13R,missense,56
G13S,missense,35
G13S,missense,35
G13S,missense,35
G13T,missense,29
G13T,missense,29
G13V,missense,57
G13V,missense,57
G13W,missense,38
G13Y,missense,51
G145A,missense,60
G145A,missense,60
G145C,missense,74
G145D,missense,93
G145E,missense,53
G145F,missense,62
G145H,missense,115
G145I,missense,75
G145K,missense,81
G145L,missense,101
G145L,missense,101
G145L,missense,101
G145M,missense,77
G145N,missense,41
G145P,missense,92
G145P,missense,92
G145Q,missense,107
G145R,missense,42
G145R,missense,42
G145R,missense,42
G145S,missense,91
G145S,missense,91
G145S,missense,91
G145T,missense,87
G145T,missense,87
G145V,missense,103
G145V,missense,103
G145W,missense,103
G145Y,missense,63
G158A,missense,71
G158A,missense,71
G158C,missense,57
G158D,missense,61
G158E,missense,67
G158F,missense,70
G158H,missense,64
G158I,missense,58
G158K,missense,112
G158L,missense,72
G158L,missense,72
G158L,missense,72
G158M,missense,62
G158N,missense,32
G158P,missense,65
G158P,missense,65
G158Q,missense,20
G158R,missense,40
G158R,missense,40
G158R,missense,40
G158S,missense,106
G158S,missense,106
G158S,missense,106
G158T,missense,50
G158T,missense,50
G158V,missense,72
G158V,missense,72
G158W,missense,30
G158Y,missense,59
G15A,missense,39
G15A,missense,39
G15C,missense,29
G15D,missense,53
G15E,missense,37
G15F,missense,40
G15H,missense,33
G15I,missense,68
G15K,missense,53
G15L,missense,17
G15L,missense,17
G15L,missense,17
G15M,missense,42
G15N,missense,22
G15P,missense,36
G15P,missense,36
G15Q,missense,46
G15R,missense,46
G15R,missense,46
G15R,missense,46
G15S,missense,34
G15S,missense,34
G15S,missense,34
G15T,missense,14
G15T,missense,14
G15V,missense,78
G15V,missense,78
G15W,missense,75
G15Y,missense,32
G161A,missense,116
G161A,missense,116
G161C,missense,117
G161D,missense,91
G161E,missense,107
G161F,missense,144
G161H,missense,116
G161I,missense,101
G161K,missense,109
G161L,missense,64
G161L,missense,64
G161L,missense,64
G161M,missense,89
G161N,missense,105
G161P,missense,101
G161P,missense,101
G161Q,missense,119
G161R,missense,94
G161R,missense,94
G161R,missense,94
G161S,missense,71
G161S,missense,71
G161S,missense,71
G161T,missense,52
G161T,missense,52
G161V,missense,79
G161V,missense,79
G161W,missense,56
G161Y,missense,79
G17A,missense,53
G17A,missense,53
G17C,missense,72
G17D,missense,41
G17E,missense,47
G17F,missense,30
G17H,missense,35
G17I,missense,38
G17K,missense,48
G17L,missense,31
G17L,missense,31
G17L,missense,31
G17M,missense,34
G17N,missense,43
G17P,missense,48
G17P,missense,48
G17Q,missense,47
G17R,missense,38
G17R,missense,38
G17R,missense,38
G17S,missense,42
G17S,missense,42
G17S,missense,42
G17T,missense,50
G17T,missense,50
G17V,missense,35
G17V,missense,35
G17W,missense,57
G17Y,missense,69
G32A,missense,73
G32A,missense,73
G32C,missense,111
G32D,missense,87
G32E,missense,58
G32F,missense,107
G32H,missense,27
G32I,missense,61
G32K,missense,78
G32L,missense,75
G32L,missense,75
G32L,missense,75
G32M,missense,36
G32N,missense,98
G32P,missense,45
G32P,missense,45
G32Q,missense,86
G32R,missense,69
G32R,missense,69
G32R,missense,69
G32S,missense,102
G32S,missense,102
G32S,missense,102
G32T,missense,100
G32T,missense,100
G32V,missense,53
G32V,missense,53
G32W,missense,73
G32Y,missense,77
G36A,missense,16
G36A,missense,16
G36C,missense,50
G36D,missense,12
G36E,missense,19
G36F,missense,38
G36H,missense,27
G36I,missense,34
G36K,missense,46
G36L,missense,35
G36L,missense,35
G36L,missense,35
G36M,missense,69
G36N,missense,58
G36P,missense,26
G36P,missense,26
G36Q,missense,22
G36R,missense,51
G36R,missense,51
G36R,missense,51
G36S,missense,25
G36S,missense,25
G36S,missense,25
G36T,missense,29
G36T,missense,29
G36V,missense,68
G36V,missense,68
G36W,missense,53
G36Y,missense,25
G39A,missense,75
G39A,missense,75
G39C,missense,99
G39D,missense,42
G39E,missense,114
G39F,missense,101
G39H,missense,80
G39I,missense,115
G39K,missense,66
G39L,missense,60
G39L,missense,60
G39L,missense,60
G39M,missense,118
G39N,missense,92
G39P,missense,60
G39P,missense,60
G39Q,missense,72
G39R,missense,37
G39R,missense,37
G39R,missense,37
G39S,missense,109
G39S,missense,109
G39S,missense,109
G39T,missense,75
G39T,missense,75
G39V,missense,71
G39V,missense,71
G39W,missense,83
G39Y,missense,115
G41A,missense,62
G41A,missense,62
G41C,missense,100
G41D,missense,107
G41E,missense,87
G41F,missense,98
G41H,missense,0
G41I,missense,105
G41K,missense,115
G41L,missense,0
G41L,missense,0
G41L,missense,0
G41M,missense,70
G41N,missense,96
G41P,missense,0
G41P,missense,0
G41Q,missense,0
G41R,missense,97
G41R,missense,97
G41R,missense,97
G41S,missense,83
G41S,missense,83
G41S,missense,83
G41T,missense,81
G41T,missense,81
G41V,missense,79
G41V,missense,79
G41W,missense,50
G41Y,missense,73
G47A,missense,26
G47A,missense,26
G47C,missense,65
G47D,missense,34
G47E,missense,69
G47F,missense,49
G47H,missense,34
G47I,missense,23
G47K,missense,47
G47L,missense,50
G47L,missense,50
G47L,missense,50
G47M,missense,85
G47N,missense,44
G47P,missense,32
G47P,missense,32
G47Q,missense,62
G47R,missense,44
G47R,missense,44
G47R,missense,44
G47S,missense,53
G47S,missense,53
G47S,missense,53
G47T,missense,46
G47T,missense,46
G47V,missense,41
G47V,missense,41
G47W,missense,13
G47Y,missense,30
G48A,missense,14
G48A,missense,14
G48C,missense,22
G48D,missense,33
G48E,missense,4
G48F,missense,7
G48H,missense,17
G48I,missense,21
G48K,missense,7
G48L,missense,28
G48L,missense,28
G48L,missense,28
G48M,missense,20
G48N,missense,14
G48P,missense,22
G48P,missense,22
G48Q,missense,21
G48R,missense,51
G48R,missense,51
G48R,missense,51
G48S,missense,14
G48S,missense,14
G48S,missense,14
G48T,missense,47
G48T,missense,47
G48V,missense,20
G48V,missense,20
G48W,missense,14
G48Y,missense,16
G53A,missense,82
G53A,missense,82
G53C,missense,54
G53D,missense,38
G53E,missense,42
G53F,missense,41
G53H,missense,77
G53I,missense,64
G53K,missense,67
G53L,missense,77
G53L,missense,77
G53L,missense,77
G53M,missense,24
G53N,missense,67
G53P,missense,49
G53P,missense,49
G53Q,missense,91
G53R,missense,59
G53R,missense,59
G53R,missense,59
G53S,missense,47
G53S,missense,47
G53S,missense,47
G53T,missense,33
G53T,missense,33
G53V,missense,132
G53V,missense,132
G53W,missense,88
G53Y,missense,29
G99A,missense,53
G99A,missense,53
G99C,missense,24
G99D,missense,45
G99E,missense,35
G99F,missense,46
G99H,missense,37
G99I,missense,51
G99K,missense,31
G99L,missense,62
G99L,missense,62
G99L,missense,62
G99M,missense,17
G99N,missense,37
G99P,missense,53
G99P,missense,53
G99Q,missense,58
G99R,missense,48
G99R,missense,48
G99R,missense,48
G99S,missense,40
G99S,missense,40
G99S,missense,40
G99T,missense,71
G99T,missense,71
G99V,missense,69
G99V,missense,69
G99W,missense,29
G99Y,missense,52
G9A,missense,27
G9A,missense,27
G9C,missense,51
G9D,missense,28
G9E,missense,25
G9F,missense,23
G9H,missense,36
G9I,missense,32
G9K,missense,40
G9L,missense,14
G9L,missense,14
G9L,missense,14
G9M,missense,0
G9N,missense,36
G9P,missense,22
G9P,missense,22
G9Q,missense,23
G9R,missense,27
G9R,missense,27
G9R,missense,27
G9S,missense,33
G9S,missense,33
G9S,missense,33
G9T,missense,70
G9T,missense,70
G9V,missense,3
G9V,missense,3
G9W,missense,12
G9Y,missense,28
H105A,missense,41
H105A,missense,41
H105C,missense,57
H105D,missense,74
H105E,missense,35
H105F,missense,23
H105G,missense,70
H105G,missense,70
H105I,missense,36
H105K,missense,6
H105L,missense,61
H105L,missense,61
H105L,missense,61
H105M,missense,63
H105N,missense,30
H105P,missense,61
H105P,missense,61
H105Q,missense,52
H105R,missense,57
H105R,missense,57
H105R,missense,57
H105S,missense,69
H105S,missense,69
H105S,missense,69
H105T,missense,38
H105T,missense,38
H105V,missense,48
H105V,missense,48
H105W,missense,46
H105Y,missense,24
H155A,missense,12
H155A,missense,12
H155C,missense,55
H155D,missense,45
H155E,missense,56
H155F,missense,54
H155G,missense,79
H155G,missense,79
H155I,missense,77
H155K,missense,46
H155L,missense,45
H155L,missense,45
H155L,missense,45
H155M,missense,75
H155N,missense,41
H155P,missense,21
H155P,missense,21
H155Q,missense,48
H155R,missense,32
H155R,missense,32
H155R,missense,32
H155S,missense,50
H155S,missense,50
H155S,missense,50
H155T,missense,38
H155T,missense,38
H155V,missense,82
H155V,missense,82
H155W,missense,61
H155Y,missense,65
H163A,missense,69
H163A,missense,69
H163C,missense,43
H163D,missense,79
H163E,missense,53
H163F,missense,43
H163G,missense,98
H163G,missense,98
H163I,missense,48
H163K,missense,45
H163L,missense,87
H163L,missense,87
H163L,missense,87
H163M,missense,99
H163N,missense,78
H163P,missense,71
H163P,missense,71
H163Q,missense,37
H163R,missense,40
H163R,missense,40
H163R,missense,40
H163S,missense,77
H163S,missense,77
H163S,missense,77
H163T,missense,85
H163T,missense,85
H163V,missense,45
H163V,missense,45
H163W,missense,64
H163Y,missense,72
H25A,missense,55
H25A,missense,55
H25C,missense,51
H25D,missense,38
H25E,missense,60
H25F,missense,33
H25G,missense,55
H25G,missense,55
H25I,missense,74
H25K,missense,40
H25L,missense,61
H25L,missense,61
H25L,missense,61
H25M,missense,65
H25N,missense,65
H25P,missense,54
H25P,missense,54
H25Q,missense,26
H25R,missense,66
H25R,missense,66
H25R,missense,66
H25S,missense,33
H25S,missense,33
H25S,missense,33
H25T,missense,60
H25T,missense,60
H25V,missense,73
H25V,missense,73
H25W,missense,70
H25Y,missense,87
H49A,missense,23
H49A,missense,23
H49C,missense,32
H49D,missense,22
H49E,missense,8
H49F,missense,12
H49G,missense,35
H49G,missense,35
H49I,missense,18
H49K,missense,24
H49L,missense,73
H49L,missense,73
H49L,missense,73
H49M,missense,56
H49N,missense,11
H49P,missense,25
H49P,missense,25
H49Q,missense,42
H49R,missense,17
H49R,missense,17
H49R,missense,17
H49S,missense,34
H49S,missense,34
H49S,missense,34
H49T,missense,23
H49T,missense,23
H49V,missense,66
H49V,missense,66
H49W,missense,34
H49Y,missense,23
H71A,missense,86
H71A,missense,86
H71C,missense,75
H71D,missense,44
H71E,missense,57
H71F,missense,52
H71G,missense,107
H71G,missense,107
H71I,missense,102
H71K,missense,72
H71L,missense,78
H71L,missense,78
H71L,missense,78
H71M,missense,72
H71N,missense,41
H71P,missense,57
H71P,missense,57
H71Q,missense,71
H71R,missense,52
H71R,missense,52
H71R,missense,52
H71S,missense,68
H71S,missense,68
H71S,missense,68
H71T,missense,46
H71T,missense,46
H71V,missense,51
H71V,missense,51
H71W,missense,59
H71Y,missense,51
H76A,missense,120
H76A,missense,120
H76C,missense,59
H76D,missense,67
H76E,missense,75
H76F,missense,116
H76G,missense,89
H76G,missense,89
H76I,missense,85
H76K,missense,88
H76L,missense,87
H76L,missense,87
H76L,missense,87
H76M,missense,49
H76N,missense,73
H76P,missense,65
H76P,missense,65
H76Q,missense,38
H76R,missense,83
H76R,missense,83
H76R,missense,83
H76S,missense,71
H76S,missense,71
H76S,missense,71
H76T,missense,54
H76T,missense,54
H76V,missense,44
H76V,missense,44
H76W,missense,84
H76Y,missense,59
H91A,missense,50
H91A,missense,50
H91C,missense,24
H91D,missense,19
H91E,missense,34
H91F,missense,58
H91G,missense,25
H91G,missense,25
H91I,missense,52
H91K,missense,18
H91L,missense,28
H91L,missense,28
H91L,missense,28
H91M,missense,25
H91N,missense,38
H91P,missense,30
H91P,missense,30
H91Q,missense,37
H91R,missense,32
H91R,missense,32
H91R,missense,32
H91S,missense,84
H91S,missense,84
H91S,missense,84
H91T,missense,8
H91T,missense,8
H91V,missense,22
H91V,missense,22
H91W,missense,44
H91Y,missense,17
I85A,missense,42
I85A,missense,42
I85C,missense,68
I85D,missense,16
I85E,missense,19
I85F,missense,40
I85G,missense,69
I85G,missense,69
I85H,missense,66
I85K,missense,35
I85L,missense,67
I85L,missense,67
I85L,missense,67
I85M,missense,23
I85N,missense,29
I85P,missense,39
I85P,missense,39
I85Q,missense,50
I85R,missense,56
I85R,missense,56
I85R,missense,56
I85S,missense,47
I85S,missense,47
I85S,missense,47
I85T,missense,53
I85T,missense,53
I85V,missense,79
I85V,missense,79
I85W,missense,37
I85Y,missense,65
I95A,missense,75
I95A,missense,75
I95C,missense,61
I95D,missense,30
I95E,missense,83
I95F,missense,55
I95G,missense,58
I95G,missense,58
I95H,missense,50
I95K,missense,94
I95L,missense,47
I95L,missense,47
I95L,missense,47
I95M,missense,43
I95N,missense,36
I95P,missense,55
I95P,missense,55
I95Q,missense,9
I95R,missense,63
I95R,missense,63
I95R,missense,63
I95S,missense,47
I95S,missense,47
I95S,missense,47
I95T,missense,32
I95T,missense,32
I95V,missense,80
I95V,missense,80
I95W,missense,84
I95Y,missense,109
K110A,missense,56
K110A,missense,56
K110C,missense,50
K110D,missense,40
K110E,missense,36
K110F,missense,57
K110G,missense,33
K110G,missense,33
K110H,missense,41
K110I,missense,36
K110L,missense,38
K110L,missense,38
K110L,missense,38
K110M,missense,43
K110N,missense,46
K110P,missense,62
K110P,missense,62
K110Q,missense,50
K110R,missense,22
K110R,missense,22
K110R,missense,22
K110S,missense,26
K110S,missense,26
K110S,missense,26
K110T,missense,65
K110T,missense,65
K110V,missense,57
K110V,missense,57
K110W,missense,68
K110Y,missense,44
K116A,missense,82
K116A,missense,82
K116C,missense,92
K116D,missense,49
K116E,missense,64
K116F,missense,22
K116G,missense,114
K116G,missense,114
K116H,missense,35
K116I,missense,68
K116L,missense,82
K116L,missense,82
K116L,missense,82
K116M,missense,84
K116N,missense,74
K116P,missense,57
K116P,missense,57
K116Q,missense,49
K116R,missense,65
K116R,missense,65
K116R,missense,65
K116S,missense,76
K116S,missense,76
K116S,missense,76
K116T,missense,66
K116T,missense,66
K116V,missense,62
K116V,missense,62
K116W,missense,89
K116Y,missense,95
K142A,missense,33
K142A,missense,33
K142C,missense,65
K142D,missense,27
K142E,missense,26
K142F,missense,38
K142G,missense,20
K142G,missense,20
K142H,missense,43
K142I,missense,68
K142L,missense,39
K142L,missense,39
K142L,missense,39
K142M,missense,61
K142N,missense,52
K142P,missense,46
K142P,missense,46
K142Q,missense,46
K142R,missense,58
K142R,missense,58
K142R,missense,58
K142S,missense,36
K142S,missense,36
K142S,missense,36
K142T,missense,51
K142T,missense,51
K142V,missense,30
K142V,missense,30
K142W,missense,23
K142Y,missense,38
K150A,missense,40
K150A,missense,40
K150C,missense,55
K150D,missense,29
K150E,missense,28
K150F,missense,25
K150G,missense,51
K150G,missense,51
K150H,missense,39
K150I,missense,29
K150L,missense,25
K150L,missense,25
K150L,missense,25
K150M,missense,49
K150N,missense,27
K150P,missense,52
K150P,missense,52
K150Q,missense,52
K150R,missense,53
K150R,missense,53
K150R,missense,53
K150S,missense,27
K150S,missense,27
K150S,missense,27
K150T,missense,42
K150T,missense,42
K150V,missense,68
K150V,missense,68
K150W,missense,69
K150Y,missense,46
K160A,missense,108
K160A,missense,108
K160C,missense,51
K160D,missense,27
K160E,missense,135
K160F,missense,53
K160G,missense,60
K160G,missense,60
K160H,missense,41
K160I,missense,110
K160L,missense,109
K160L,missense,109
K160L,missense,109
K160M,missense,50
K160N,missense,32
K160P,missense,60
K160P,missense,60
K160Q,missense,66
K160R,missense,34
K160R,missense,34
K160R,missense,34
K160S,missense,37
K160S,missense,37
K160S,missense,37
K160T,missense,52
K160T,missense,52
K160V,missense,70
K160V,missense,70
K160W,missense,65
K160Y,missense,97
K24A,missense,54
K24A,missense,54
K24C,missense,94
K24D,missense,121
K24E,missense,70
K24F,missense,123
K24G,missense,50
K24G,missense,50
K24H,missense,61
K24I,missense,64
K24L,missense,88
K24L,missense,88
K24L,missense,88
K24M,missense,0
K24N,missense,106
K24P,missense,129
K24P,missense,129
K24Q,missense,76
K24R,missense,113
K24R,missense,113
K24R,missense,113
K24S,missense,105
K24S,missense,105
K24S,missense,105
K24T,missense,63
K24T,missense,63
K24V,missense,91
K24V,missense,91
K24W,missense,109
K24Y,missense,111
K33A,missense,72
K33A,missense,72
K33C,missense,59
K33D,missense,87
K33E,missense,54
K33F,missense,152
K33G,missense,79
K33G,missense,79
K33H,missense,107
K33I,missense,63
K33L,missense,62
K33L,missense,62
K33L,missense,62
K33M,missense,81
K33N,missense,51
K33P,missense,68
K33P,missense,68
K33Q,missense,76
K33R,missense,75
K33R,missense,75
K33R,missense,75
K33S,missense,40
K33S,missense,40
K33S,missense,40
K33T,missense,61
K33T,missense,61
K33V,missense,58
K33V,missense,58
K33W,missense,50
K33Y,missense,24
K35A,missense,83
K35A,missense,83
K35C,missense,90
K35D,missense,85
K35E,missense,38
K35F,missense,74
K35G,missense,87
K35G,missense,87
K35H,missense,46
K35I,missense,96
K35L,missense,65
K35L,missense,65
K35L,missense,65
K35M,missense,72
K35N,missense,88
K35P,missense,58
K35P,missense,58
K35Q,missense,65
K35R,missense,60
K35R,missense,60
K35R,missense,60
K35S,missense,95
K35S,missense,95
K35S,missense,95
K35T,missense,44
K35T,missense,44
K35V,missense,70
K35V,missense,70
K35W,missense,105
K35Y,missense,69
K73A,missense,160
K73A,missense,160
K73C,missense,77
K73D,missense,82
K73E,missense,100
K73F,missense,39
K73G,missense,96
K73G,missense,96
K73H,missense,29
K73I,missense,84
K73L,missense,55
K73L,missense,55
K73L,missense,55
K73M,missense,72
K73N,missense,48
K73P,missense,68
K73P,missense,68
K73Q,missense,85
K73R,missense,91
K73R,missense,91
K73R,missense,91
K73S,missense,75
K73S,missense,75
K73S,missense,75
K73T,missense,89
K73T,missense,89
K73V,missense,123
K73V,missense,123
K73W,missense,86
K73Y,missense,97
K87A,missense,22
K87A,missense,22
K87C,missense,10
K87D,missense,46
K87E,missense,2
K87F,missense,41
K87G,missense,30
K87G,missense,30
K87H,missense,45
K87I,missense,40
K87L,missense,21
K87L,missense,21
K87L,missense,21
K87M,missense,30
K87N,missense,59
K87P,missense,25
K87P,missense,25
K87Q,missense,9
K87R,missense,32
K87R,missense,32
K87R,missense,32
K87S,missense,30
K87S,missense,30
K87S,missense,30
K87T,missense,40
K87T,missense,40
K87V,missense,37
K87V,missense,37
K87W,missense,22
K87Y,missense,50
K98A,missense,28
K98A,missense,28
K98C,missense,34
K98D,missense,60
K98E,missense,50
K98F,missense,83
K98G,missense,31
K98G,missense,31
K98H,missense,56
K98I,missense,73
K98L,missense,90
K98L,missense,90
K98L,missense,90
K98M,missense,32
K98N,missense,50
K98P,missense,69
K98P,missense,69
K98Q,missense,47
K98R,missense,61
K98R,missense,61
K98R,missense,61
K98S,missense,53
K98S,missense,53
K98S,missense,53
K98T,missense,97
K98T,missense,97
K98V,missense,58
K98V,missense,58
K98W,missense,66
K98Y,missense,60
L128A,missense,115
L128A,missense,115
L128C,missense,73
L128D,missense,56
L128E,missense,80
L128F,missense,119
L128G,missense,89
L128G,missense,89
L128H,missense,28
L128I,missense,68
L128K,missense,68
L128M,missense,87
L128N,missense,141
L128P,missense,28
L128P,missense,28
L128Q,missense,107
L128R,missense,83
L128R,missense,83
L128R,missense,83
L128S,missense,59
L128S,missense,59
L128S,missense,59
L128T,missense,13
L128T,missense,13
L128V,missense,118
L128V,missense,118
L128W,missense,131
L128Y,missense,99
L131A,missense,80
L131A,missense,80
L131C,missense,93
L131D,missense,59
L131E,missense,53
L131F,missense,112
L131G,missense,32
L131G,missense,32
L131H,missense,80
L131I,missense,115
L131K,missense,14
L131M,missense,62
L131N,missense,48
L131P,missense,120
L131P,missense,120
L131Q,missense,53
L131R,missense,72
L131R,missense,72
L131R,missense,72
L131S,missense,70
L131S,missense,70
L131S,missense,70
L131T,missense,80
L131T,missense,80
L131V,missense,72
L131V,missense,72
L131W,missense,82
L131Y,missense,83
L134A,missense,95
L134A,missense,95
L134C,missense,64
L134D,missense,80
L134E,missense,75
L134F,missense,88
L134G,missense,71
L134G,missense,71
L134H,missense,82
L134I,missense,64
L134K,missense,61
L134M,missense,95
L134N,missense,120
L134P,missense,108
L134P,missense,108
L134Q,missense,96
L134R,missense,64
L134R,missense,64
L134R,missense,64
L134S,missense,64
L134S,missense,64
L134S,missense,64
L134T,missense,126
L134T,missense,126
L134V,missense,143
L134V,missense,143
L134W,missense,101
L134Y,missense,84
L138A,missense,115
L138A,missense,115
L138C,missense,32
L138D,missense,65
L138E,missense,63
L138F,missense,100
L138G,missense,45
L138G,missense,45
L138H,missense,43
L138I,missense,62
L138K,missense,66
L138M,missense,70
L138N,missense,95
L138P,missense,29
L138P,missense,29
L138Q,missense,48
L138R,missense,42
L138R,missense,42
L138R,missense,42
L138S,missense,35
L138S,missense,35
L138S,missense,35
L138T,missense,56
L138T,missense,56
L138V,missense,102
L138V,missense,102
L138W,missense,80
L138Y,missense,61
L141A,missense,43
L141A,missense,43
L141C,missense,30
L141D,missense,76
L141E,missense,52
L141F,missense,38
L141G,missense,28
L141G,missense,28
L141H,missense,37
L141I,missense,62
L141K,missense,70
L141M,missense,85
L141N,missense,51
L141P,missense,92
L141P,missense,92
L141Q,missense,26
L141R,missense,20
L141R,missense,20
L141R,missense,20
L141S,missense,27
L141S,missense,27
L141S,missense,27
L141T,missense,47
L141T,missense,47
L141V,missense,59
L141V,missense,59
L141W,missense,85
L141Y,missense,61
L153A,missense,39
L153A,missense,39
L153C,missense,41
L153D,missense,46
L153E,missense,64
L153F,missense,20
L153G,missense,61
L153G,missense,61
L153H,missense,29
L153I,missense,20
L153K,missense,31
L153M,missense,72
L153N,missense,58
L153P,missense,10
L153P,missense,10
L153Q,missense,37
L153R,missense,16
L153R,missense,16
L153R,missense,16
L153S,missense,63
L153S,missense,63
L153S,missense,63
L153T,missense,19
L153T,missense,19
L153V,missense,40
L153V,missense,40
L153W,missense,32
L153Y,missense,50
L156A,missense,121
L156A,missense,121
L156C,missense,73
L156D,missense,84
L156E,missense,94
L156F,missense,76
L156G,missense,35
L156G,missense,35
L156H,missense,65
L156I,missense,90
L156K,missense,63
L156M,missense,96
L156N,missense,96
L156P,missense,60
L156P,missense,60
L156Q,missense,43
L156R,missense,61
L156R,missense,61
L156R,missense,61
L156S,missense,37
L156S,missense,37
L156S,missense,37
L156T,missense,95
L156T,missense,95
L156V,missense,38
L156V,missense,38
L156W,missense,54
L156Y,missense,90
L164A,missense,68
L164A,missense,68
L164C,missense,83
L164D,missense,54
L164E,missense,61
L164F,missense,40
L164G,missense,65
L164G,missense,65
L164H,missense,46
L164I,missense,69
L164K,missense,41
L164M,missense,74
L164N,missense,51
L164P,missense,54
L164P,missense,54
L164Q,missense,81
L164R,missense,76
L164R,missense,76
L164R,missense,76
L164S,missense,72
L164S,missense,72
L164S,missense,72
L164T,missense,47
L164T,missense,47
L164V,missense,101
L164V,missense,101
L164W,missense,45
L164Y,missense,83
L30A,missense,37
L30A,missense,37
L30C,missense,14
L30D,missense,28
L30E,missense,0
L30F,missense,9
L30G,missense,7
L30G,missense,7
L30H,missense,15
L30I,missense,45
L30K,missense,8
L30M,missense,9
L30N,missense,10
L30P,missense,13
L30P,missense,13
L30Q,missense,18
L30R,missense,23
L30R,missense,23
L30R,missense,23
L30S,missense,22
L30S,missense,22
L30S,missense,22
L30T,missense,3
L30T,missense,3
L30V,missense,32
L30V,missense,32
L30W,missense,7
L30Y,missense,47
L31A,missense,30
L31A,missense,30
L31C,missense,31
L31D,missense,11
L31E,missense,43
L31F,missense,27
L31G,missense,29
L31G,missense,29
L31H,missense,28
L31I,missense,17
L31K,missense,35
L31M,missense,37
L31N,missense,14
L31P,missense,36
L31P,missense,36
L31Q,missense,11
L31R,missense,27
L31R,missense,27
L31R,missense,27
L31S,missense,56
L31S,missense,56
L31S,missense,56
L31T,missense,22
L31T,missense,22
L31V,missense,38
L31V,missense,38
L31W,missense,25
L31Y,missense,24
L45A,missense,71
L45A,missense,71
L45C,missense,36
L45D,missense,53
L45E,missense,80
L45F,missense,78
L45G,missense,70
L45G,missense,70
L45H,missense,73
L45I,missense,107
L45K,missense,64
L45M,missense,51
L45N,missense,72
L45P,missense,19
L45P,missense,19
L45Q,missense,41
L45R,missense,62
L45R,missense,62
L45R,missense,62
L45S,missense,51
L45S,missense,51
L45S,missense,51
L45T,missense,68
L45T,missense,68
L45V,missense,83
L45V,missense,83
L45W,missense,113
L45Y,missense,79
L50A,missense,32
L50A,missense,32
L50C,missense,20
L50D,missense,22
L50E,missense,4
L50F,missense,35
L50G,missense,16
L50G,missense,16
L50H,missense,30
L50I,missense,15
L50K,missense,18
L50M,missense,48
L50N,missense,28
L50P,missense,34
L50P,missense,34
L50Q,missense,42
L50R,missense,50
L50R,missense,50
L50R,missense,50
L50S,missense,28
L50S,missense,28
L50S,missense,28
L50T,missense,17
L50T,missense,17
L50V,missense,38
L50V,missense,38
L50W,missense,42
L50Y,missense,53
L70A,missense,77
L70A,missense,77
L70C,missense,62
L70D,missense,70
L70E,missense,75
L70F,missense,43
L70G,missense,105
L70G,missense,105
L70H,missense,68
L70I,missense,49
L70K,missense,38
L70M,missense,85
L70N,missense,69
L70P,missense,81
L70P,missense,81
L70Q,missense,120
L70R,missense,48
L70R,missense,48
L70R,missense,48
L70S,missense,80
L70S,missense,80
L70S,missense,80
L70T,missense,63
L70T,missense,63
L70V,missense,61
L70V,missense,61
L70W,missense,71
L70Y,missense,82
L72A,missense,82
L72A,missense,82
L72C,missense,89
L72D,missense,39
L72E,missense,45
L72F,missense,95
L72G,missense,44
L72G,missense,44
L72H,missense,59
L72I,missense,121
L72K,missense,55
L72M,missense,104
L72N,missense,68
L72P,missense,63
L72P,missense,63
L72Q,missense,69
L72R,missense,70
L72R,missense,70
L72R,missense,70
L72S,missense,71
L72S,missense,71
L72S,missense,71
L72T,missense,80
L72T,missense,80
L72V,missense,124
L72V,missense,124
L72W,missense,76
L72Y,missense,75
L96A,missense,89
L96A,missense,89
L96C,missense,34
L96D,missense,43
L96E,missense,72
L96F,missense,56
L96G,missense,69
L96G,missense,69
L96H,missense,66
L96I,missense,63
L96K,missense,42
L96M,missense,49
L96N,missense,24
L96P,missense,28
L96P,missense,28
L96Q,missense,36
L96R,missense,43
L96R,missense,43
L96R,missense,43
L96S,missense,25
L96S,missense,25
L96S,missense,25
L96T,missense,37
L96T,missense,37
L96V,missense,54
L96V,missense,54
L96W,missense,96
L96Y,missense,63
M97A,missense,78
M97A,missense,78
M97C,missense,64
M97D,missense,81
M97E,missense,90
M97F,missense,71
M97G,missense,39
M97G,missense,39
M97H,missense,35
M97I,missense,47
M97K,missense,83
M97L,missense,86
M97L,missense,86
M97L,missense,86
M97N,missense,64
M97P,missense,45
M97P,missense,45
M97Q,missense,29
M97R,missense,58
M97R,missense,58
M97R,missense,58
M97S,missense,58
M97S,missense,58
M97S,missense,58
M97T,missense,48
M97T,missense,48
M97V,missense,54
M97V,missense,54
M97W,missense,46
M97Y,missense,69
N111A,missense,28
N111A,missense,28
N111C,missense,32
N111D,missense,62
N111E,missense,37
N111F,missense,29
N111G,missense,12
N111G,missense,12
N111H,missense,32
N111I,missense,32
N111K,missense,35
N111L,missense,28
N111L,missense,28
N111L,missense,28
N111M,missense,31
N111P,missense,24
N111P,missense,24
N111Q,missense,53
N111R,missense,42
N111R,missense,42
N111R,missense,42
N111S,missense,18
N111S,missense,18
N111S,missense,18
N111T,missense,41
N111T,missense,41
N111V,missense,48
N111V,missense,48
N111W,missense,60
N111Y,missense,41
N117A,missense,74
N117A,missense,74
N117C,missense,78
N117D,missense,73
N117E,missense,67
N117F,missense,81
N117G,missense,50
N117G,missense,50
N117H,missense,59
N117I,missense,92
N117K,missense,101
N117L,missense,26
N117L,missense,26
N117L,missense,26
N117M,missense,48
N117P,missense,95
N117P,missense,95
N117Q,missense,88
N117R,missense,52
N117R,missense,52
N117R,missense,52
N117S,missense,59
N117S,missense,59
N117S,missense,59
N117T,missense,70
N117T,missense,70
N117V,missense,67
N117V,missense,67
N117W,missense,28
N117Y,missense,118
N154A,missense,30
N154A,missense,30
N154C,missense,38
N154D,missense,24
N154E,missense,55
N154F,missense,34
N154G,missense,42
N154G,missense,42
N154H,missense,11
N154I,missense,33
N154K,missense,33
N154L,missense,66
N154L,missense,66
N154L,missense,66
N154M,missense,48
N154P,missense,12
N154P,missense,12
N154Q,missense,32
N154R,missense,25
N154R,missense,25
N154R,missense,25
N154S,missense,14
N154S,missense,14
N154S,missense,14
N154T,missense,70
N154T,missense,70
N154V,missense,41
N154V,missense,41
N154W,missense,23
N154Y,missense,61
N162A,missense,29
N162A,missense,29
N162C,missense,175
N162D,missense,104
N162E,missense,136
N162F,missense,124
N162G,missense,207
N162G,missense,207
N162H,missense,154
N162I,missense,190
N162K,missense,129
N162L,missense,155
N162L,missense,155
N162L,missense,155
N162M,missense,111
N162P,missense,158
N162P,missense,158
N162Q,missense,174
N162R,missense,139
N162R,missense,139
N162R,missense,139
N162S,missense,152
N162S,missense,152
N162S,missense,152
N162T,missense,142
N162T,missense,142
N162V,missense,140
N162V,missense,140
N162W,missense,130
N162Y,missense,163
N74A,missense,85
N74A,missense,85
N74C,missense,40
N74D,missense,64
N74E,missense,102
N74F,missense,81
N74G,missense,38
N74G,missense,38
N74H,missense,39
N74I,missense,34
N74K,missense,85
N74L,missense,77
N74L,missense,77
N74L,missense,77
N74M,missense,83
N74P,missense,76
N74P,missense,76
N74Q,missense,55
N74R,missense,56
N74R,missense,56
N74R,missense,56
N74S,missense,44
N74S,missense,44
N74S,missense,44
N74T,missense,120
N74T,missense,120
N74V,missense,68
N74V,missense,68
N74W,missense,77
N74Y,missense,49
N82A,missense,55
N82A,missense,55
N82C,missense,33
N82D,missense,34
N82E,missense,68
N82F,missense,76
N82G,missense,69
N82G,missense,69
N82H,missense,60
N82I,missense,37
N82K,missense,58
N82L,missense,47
N82L,missense,47
N82L,missense,47
N82M,missense,31
N82P,missense,56
N82P,missense,56
N82Q,missense,45
N82R,missense,22
N82R,missense,22
N82R,missense,22
N82S,missense,46
N82S,missense,46
N82S,missense,46
N82T,missense,46
N82T,missense,46
N82V,missense,109
N82V,missense,109
N82W,missense,55
N82Y,missense,23
N89A,missense,16
N89A,missense,16
N89C,missense,4
N89D,missense,35
N89E,missense,23
N89F,missense,3
N89G,missense,12
N89G,missense,12
N89H,missense,10
N89I,missense,9
N89K,missense,16
N89L,missense,4
N89L,missense,4
N89L,missense,4
N89M,missense,25
N89P,missense,5
N89P,missense,5
N89Q,missense,4
N89R,missense,1
N89R,missense,1
N89R,missense,1
N89S,missense,10
N89S,missense,10
N89S,missense,10
N89T,missense,18
N89T,missense,18
N89V,missense,5
N89V,missense,5
N89W,missense,23
N89Y,missense,1
P109A,missense,44
P109A,missense,44
P109C,missense,55
P109D,missense,32
P109E,missense,37
P109F,missense,76
P109G,missense,37
P109G,missense,37
P109H,missense,14
P109I,missense,37
P109K,missense,62
P109L,missense,39
P109L,missense,39
P109L,missense,39
P109M,missense,32
P109N,missense,38
P109Q,missense,61
P109R,missense,27
P109R,missense,27
P109R,missense,27
P109S,missense,30
P109S,missense,30
P109S,missense,30
P109T,missense,15
P109T,missense,15
P109V,missense,33
P109V,missense,33
P109W,missense,53
P109Y,missense,35
P114A,missense,72
P114A,missense,72
P114C,missense,75
P114D,missense,94
P114E,missense,42
P114F,missense,44
P114G,missense,88
P114G,missense,88
P114H,missense,49
P114I,missense,34
P114K,missense,45
P114L,missense,38
P114L,missense,38
P114L,missense,38
P114M,missense,57
P114N,missense,90
P114Q,missense,66
P114R,missense,49
P114R,missense,49
P114R,missense,49
P114S,missense,87
P114S,missense,87
P114S,missense,87
P114T,missense,52
P114T,missense,52
P114V,missense,85
P114V,missense,85
P114W,missense,44
P114Y,missense,44
P124A,missense,78
P124A,missense,78
P124C,missense,55
P124D,missense,113
P124E,missense,63
P124F,missense,97
P124G,missense,127
P124G,missense,127
P124H,missense,76
P124I,missense,74
P124K,missense,110
P124L,missense,38
P124L,missense,38
P124L,missense,38
P124M,missense,108
P124N,missense,70
P124Q,missense,48
P124R,missense,65
P124R,missense,65
P124R,missense,65
P124S,missense,59
P124S,missense,59
P124S,missense,59
P124T,missense,111
P124T,missense,111
P124V,missense,36
P124V,missense,36
P124W,missense,80
P124Y,missense,74
P129A,missense,47
P129A,missense,47
P129C,missense,84
P129D,missense,75
P129E,missense,167
P129F,missense,122
P129G,missense,89
P129G,missense,89
P129H,missense,114
P129I,missense,115
P129K,missense,81
P129L,missense,96
P129L,missense,96
P129L,missense,96
P129M,missense,16
P129N,missense,70
P129Q,missense,88
P129R,missense,75
P129R,missense,75
P129R,missense,75
P129S,missense,63
P129S,missense,63
P129S,missense,63
P129T,missense,95
P129T,missense,95
P129V,missense,0
P129V,missense,0
P129W,missense,31
P129Y,missense,113
P12A,missense,31
P12A,missense,31
P12C,missense,47
P12D,missense,19
P12E,missense,43
P12F,missense,22
P12G,missense,67
P12G,missense,67
P12H,missense,17
P12I,missense,50
P12K,missense,30
P12L,missense,15
P12L,missense,15
P12L,missense,15
P12M,missense,10
P12N,missense,25
P12Q,missense,13
P12R,missense,8
P12R,missense,8
P12R,missense,8
P12S,missense,42
P12S,missense,42
P12S,missense,42
P12T,missense,27
P12T,missense,27
P12V,missense,21
P12V,missense,21
P12W,missense,27
P12Y,missense,18
P130A,missense,134
P130A,missense,134
P130C,missense,103
P130D,missense,161
P130E,missense,101
P130F,missense,148
P130G,missense,50
P130G,missense,50
P130H,missense,138
P130I,missense,147
P130K,missense,79
P130L,missense,123
P130L,missense,123
P130L,missense,123
P130M,missense,94
P130N,missense,81
P130Q,missense,173
P130R,missense,145
P130R,missense,145
P130R,missense,145
P130S,missense,138
P130S,missense,138
P130S,missense,138
P130T,missense,113
P130T,missense,113
P130V,missense,96
P130V,missense,96
P130W,missense,183
P130Y,missense,134
P148A,missense,16
P148A,missense,16
P148C,missense,50
P148D,missense,28
P148E,missense,35
P148F,missense,61
P148G,missense,32
P148G,missense,32
P148H,missense,38
P148I,missense,47
P148K,missense,5
P148L,missense,24
P148L,missense,24
P148L,missense,24
P148M,missense,43
P148N,missense,26
P148Q,missense,40
P148R,missense,39
P148R,missense,39
P148R,missense,39
P148S,missense,22
P148S,missense,22
P148S,missense,22
P148T,missense,50
P148T,missense,50
P148V,missense,38
P148V,missense,38
P148W,missense,21
P148Y,missense,32
P26A,missense,0
P26A,missense,0
P26C,missense,51
P26D,missense,79
P26E,missense,102
P26F,missense,72
P26G,missense,69
P26G,missense,69
P26H,missense,67
P26I,missense,87
P26K,missense,73
P26L,missense,44
P26L,missense,44
P26L,missense,44
P26M,missense,92
P26N,missense,48
P26Q,missense,50
P26R,missense,49
P26R,missense,49
P26R,missense,49
P26S,missense,62
P26S,missense,62
P26S,missense,62
P26T,missense,64
P26T,missense,64
P26V,missense,62
P26V,missense,62
P26W,missense,62
P26Y,missense,86
P46A,missense,109
P46A,missense,109
P46C,missense,85
P46D,missense,27
P46E,missense,71
P46F,missense,34
P46G,missense,52
P46G,missense,52
P46H,missense,7
P46I,missense,61
P46K,missense,51
P46L,missense,37
P46L,missense,37
P46L,missense,37
P46M,missense,51
P46N,missense,44
P46Q,missense,32
P46R,missense,53
P46R,missense,53
P46R,missense,53
P46S,missense,92
P46S,missense,92
P46S,missense,92
P46T,missense,64
P46T,missense,64
P46V,missense,57
P46V,missense,57
P46W,missense,50
P46Y,missense,37
P7A,missense,95
P7A,missense,95
P7C,missense,64
P7D,missense,92
P7E,missense,15
P7F,missense,124
P7G,missense,17
P7G,missense,17
P7H,missense,69
P7I,missense,134
P7K,missense,2
P7L,missense,15
P7L,missense,15
P7L,missense,15
P7M,missense,14
P7N,missense,96
P7Q,missense,4
P7R,missense,44
P7R,missense,44
P7R,missense,44
P7S,missense,70
P7S,missense,70
P7S,missense,70
P7T,missense,57
P7T,missense,57
P7V,missense,0
P7V,missense,0
P7W,missense,1
P7Y,missense,97
Q133A,missense,90
Q133A,missense,90
Q133C,missense,82
Q133D,missense,85
Q133E,missense,108
Q133F,missense,76
Q133G,missense,81
Q133G,missense,81
Q133H,missense,68
Q133I,missense,85
Q133K,missense,130
Q133L,missense,64
Q133L,missense,64
Q133L,missense,64
Q133M,missense,82
Q133N,missense,94
Q133P,missense,116
Q133P,missense,116
Q133R,missense,68
Q133R,missense,68
Q133R,missense,68
Q133S,missense,98
Q133S,missense,98
Q133S,missense,98
Q133T,missense,124
Q133T,missense,124
Q133V,missense,115
Q133V,missense,115
Q133W,missense,68
Q133Y,missense,44
Q144A,missense,64
Q144A,missense,64
Q144C,missense,71
Q144D,missense,41
Q144E,missense,93
Q144F,missense,69
Q144G,missense,67
Q144G,missense,67
Q144H,missense,52
Q144I,missense,77
Q144K,missense,84
Q144L,missense,86
Q144L,missense,86
Q144L,missense,86
Q144M,missense,63
Q144N,missense,80
Q144P,missense,93
Q144P,missense,93
Q144R,missense,78
Q144R,missense,78
Q144R,missense,78
Q144S,missense,80
Q144S,missense,80
Q144S,missense,80
Q144T,missense,49
Q144T,missense,49
Q144V,missense,44
Q144V,missense,44
Q144W,missense,48
Q144Y,missense,65
Q44A,missense,50
Q44A,missense,50
Q44C,missense,84
Q44D,missense,71
Q44E,missense,80
Q44F,missense,95
Q44G,missense,156
Q44G,missense,156
Q44H,missense,36
Q44I,missense,119
Q44K,missense,38
Q44L,missense,77
Q44L,missense,77
Q44L,missense,77
Q44M,missense,50
Q44N,missense,67
Q44P,missense,65
Q44P,missense,65
Q44R,missense,63
Q44R,missense,63
Q44R,missense,63
Q44S,missense,83
Q44S,missense,83
Q44S,missense,83
Q44T,missense,41
Q44T,missense,41
Q44V,missense,68
Q44V,missense,68
Q44W,missense,91
Q44Y,missense,91
Q61A,missense,53
Q61A,missense,53
Q61C,missense,68
Q61D,missense,94
Q61E,missense,87
Q61F,missense,93
Q61G,missense,74
Q61G,missense,74
Q61H,missense,34
Q61I,missense,48
Q61K,missense,46
Q61L,missense,83
Q61L,missense,83
Q61L,missense,83
Q61M,missense,50
Q61N,missense,59
Q61P,missense,41
Q61P,missense,41
Q61R,missense,65
Q61R,missense,65
Q61R,missense,65
Q61S,missense,54
Q61S,missense,54
Q61S,missense,54
Q61T,missense,53
Q61T,missense,53
Q61V,missense,44
Q61V,missense,44
Q61W,missense,45
Q61Y,missense,48
Q6A,missense,15
Q6A,missense,15
Q6C,missense,17
Q6D,missense,26
Q6E,missense,51
Q6F,missense,19
Q6G,missense,40
Q6G,missense,40
Q6H,missense,45
Q6I,missense,25
Q6K,missense,56
Q6L,missense,35
Q6L,missense,35
Q6L,missense,35
Q6M,missense,59
Q6N,missense,16
Q6P,missense,46
Q6P,missense,46
Q6R,missense,39
Q6R,missense,39
Q6R,missense,39
Q6S,missense,5
Q6S,missense,5
Q6S,missense,5
Q6T,missense,31
Q6T,missense,31
Q6V,missense,36
Q6V,missense,36
Q6W,missense,28
Q6Y,missense,5
R10A,missense,44
R10A,missense,44
R10C,missense,28
R10D,missense,18
R10E,missense,20
R10F,missense,23
R10G,missense,55
R10G,missense,55
R10H,missense,52
R10I,missense,31
R10K,missense,28
R10L,missense,21
R10L,missense,21
R10L,missense,21
R10M,missense,49
R10N,missense,55
R10P,missense,34
R10P,missense,34
R10Q,missense,25
R10S,missense,37
R10S,missense,37
R10S,missense,37
R10T,missense,29
R10T,missense,29
R10V,missense,17
R10V,missense,17
R10W,missense,19
R10Y,missense,63
R11A,missense,10
R11A,missense,10
R11C,missense,11
R11D,missense,23
R11E,missense,11
R11F,missense,16
R11G,missense,10
R11G,missense,10
R11H,missense,21
R11I,missense,25
R11K,missense,12
R11L,missense,17
R11L,missense,17
R11L,missense,17
R11M,missense,18
R11N,missense,13
R11P,missense,8
R11P,missense,8
R11Q,missense,16
R11S,missense,36
R11S,missense,36
R11S,missense,36
R11T,missense,26
R11T,missense,26
R11V,missense,22
R11V,missense,22
R11W,missense,17
R11Y,missense,0
R139A,missense,44
R139A,missense,44
R139C,missense,53
R139D,missense,71
R139E,missense,34
R139F,missense,42
R139G,missense,55
R139G,missense,55
R139H,missense,63
R139I,missense,71
R139K,missense,23
R139L,missense,92
R139L,missense,92
R139L,missense,92
R139M,missense,98
R139N,missense,52
R139P,missense,18
R139P,missense,18
R139Q,missense,51
R139S,missense,23
R139S,missense,23
R139S,missense,23
R139T,missense,48
R139T,missense,48
R139V,missense,100
R139V,missense,100
R139W,missense,87
R139Y,missense,56
R27A,missense,40
R27A,missense,40
R27C,missense,45
R27D,missense,62
R27E,missense,36
R27F,missense,27
R27G,missense,76
R27G,missense,76
R27H,missense,80
R27I,missense,88
R27K,missense,73
R27L,missense,62
R27L,missense,62
R27L,missense,62
R27M,missense,69
R27N,missense,33
R27P,missense,45
R27P,missense,45
R27Q,missense,40
R27S,missense,65
R27S,missense,65
R27S,missense,65
R27T,missense,91
R27T,missense,91
R27V,missense,54
R27V,missense,54
R27W,missense,69
R27Y,missense,127
R34A,missense,55
R34A,missense,55
R34C,missense,68
R34D,missense,62
R34E,missense,103
R34F,missense,47
R34G,missense,111
R34G,missense,111
R34H,missense,33
R34I,missense,60
R34K,missense,85
R34L,missense,50
R34L,missense,50
R34L,missense,50
R34M,missense,42
R34N,missense,80
R34P,missense,61
R34P,missense,61
R34Q,missense,53
R34S,missense,31
R34S,missense,31
R34S,missense,31
R34T,missense,62
R34T,missense,62
R34V,missense,51
R34V,missense,51
R34W,missense,81
R34Y,missense,33
R62A,missense,78
R62A,missense,78
R62C,missense,49
R62D,missense,117
R62E,missense,70
R62F,missense,121
R62G,missense,44
R62G,missense,44
R62H,missense,61
R62I,missense,91
R62K,missense,58
R62L,missense,53
R62L,missense,53
R62L,missense,53
R62M,missense,64
R62N,missense,56
R62P,missense,59
R62P,missense,59
R62Q,missense,61
R62S,missense,89
R62S,missense,89
R62S,missense,89
R62T,missense,77
R62T,missense,77
R62V,missense,52
R62V,missense,52
R62W,missense,41
R62Y,missense,56
R8A,missense,7
R8A,missense,7
R8C,missense,32
R8D,missense,101
R8E,missense,107
R8F,missense,75
R8G,missense,81
R8G,missense,81
R8H,missense,50
R8I,missense,104
R8K,missense,164
R8L,missense,29
R8L,missense,29
R8L,missense,29
R8M,missense,75
R8N,missense,80
R8P,missense,15
R8P,missense,15
R8Q,missense,34
R8S,missense,60
R8S,missense,60
R8S,missense,60
R8T,missense,92
R8T,missense,92
R8V,missense,116
R8V,missense,116
R8W,missense,89
R8Y,missense,81
S107A,missense,84
S107A,missense,84
S107C,missense,106
S107D,missense,47
S107E,missense,53
S107F,missense,56
S107G,missense,88
S107G,missense,88
S107H,missense,53
S107I,missense,34
S107K,missense,70
S107L,missense,86
S107L,missense,86
S107L,missense,86
S107M,missense,38
S107N,missense,27
S107P,missense,66
S107P,missense,66
S107Q,missense,73
S107R,missense,62
S107R,missense,62
S107R,missense,62
S107T,missense,45
S107T,missense,45
S107V,missense,48
S107V,missense,48
S107W,missense,37
S107Y,missense,61
S119A,missense,108
S119A,missense,108
S119C,missense,42
S119D,missense,79
S119E,missense,59
S119F,missense,53
S119G,missense,100
S119G,missense,100
S119H,missense,61
S119I,missense,101
S119K,missense,47
S119L,missense,122
S119L,missense,122
S119L,missense,122
S119M,missense,55
S119N,missense,68
S119P,missense,56
S119P,missense,56
S119Q,missense,81
S119R,missense,100
S119R,missense,100
S119R,missense,100
S119T,missense,80
S119T,missense,80
S119V,missense,85
S119V,missense,85
S119W,missense,48
S119Y,missense,65
S22A,missense,42
S22A,missense,42
S22C,missense,80
S22D,missense,59
S22E,missense,88
S22F,missense,45
S22G,missense,94
S22G,missense,94
S22H,missense,80
S22I,missense,68
S22K,missense,85
S22L,missense,81
S22L,missense,81
S22L,missense,81
S22M,missense,104
S22N,missense,117
S22P,missense,102
S22P,missense,102
S22Q,missense,97
S22R,missense,34
S22R,missense,34
S22R,missense,34
S22T,missense,129
S22T,missense,129
S22V,missense,110
S22V,missense,110
S22W,missense,113
S22Y,missense,117
S37A,missense,78
S37A,missense,78
S37C,missense,106
S37D,missense,47
S37E,missense,49
S37F,missense,82
S37G,missense,20
S37G,missense,20
S37H,missense,66
S37I,missense,111
S37K,missense,74
S37L,missense,50
S37L,missense,50
S37L,missense,50
S37M,missense,55
S37N,missense,58
S37P,missense,70
S37P,missense,70
S37Q,missense,53
S37R,missense,67
S37R,missense,67
S37R,missense,67
S37T,missense,50
S37T,missense,50
S37V,missense,96
S37V,missense,96
S37W,missense,90
S37Y,missense,40
S42A,missense,32
S42A,missense,32
S42C,missense,15
S42D,missense,53
S42E,missense,48
S42F,missense,64
S42G,missense,51
S42G,missense,51
S42H,missense,48
S42I,missense,30
S42K,missense,16
S42L,missense,61
S42L,missense,61
S42L,missense,61
S42M,missense,60
S42N,missense,35
S42P,missense,59
S42P,missense,59
S42Q,missense,64
S42R,missense,70
S42R,missense,70
S42R,missense,70
S42T,missense,24
S42T,missense,24
S42V,missense,126
S42V,missense,126
S42W,missense,83
S42Y,missense,82
S4A,missense,59
S4A,missense,59
S4C,missense,2
S4D,missense,89
S4E,missense,93
S4F,missense,114
S4G,missense,103
S4G,missense,103
S4H,missense,23
S4I,missense,85
S4K,missense,85
S4L,missense,50
S4L,missense,50
S4L,missense,50
S4M,missense,46
S4N,missense,121
S4P,missense,74
S4P,missense,74
S4Q,missense,55
S4R,missense,94
S4R,missense,94
S4R,missense,94
S4T,missense,46
S4T,missense,46
S4V,missense,33
S4V,missense,33
S4W,missense,66
S4Y,missense,97
S79A,missense,47
S79A,missense,47
S79C,missense,19
S79D,missense,38
S79E,missense,89
S79F,missense,63
S79G,missense,132
S79G,missense,132
S79H,missense,54
S79I,missense,83
S79K,missense,74
S79L,missense,31
S79L,missense,31
S79L,missense,31
S79M,missense,64
S79N,missense,30
S79P,missense,47
S79P,missense,47
S79Q,missense,30
S79R,missense,29
S79R,missense,29
S79R,missense,29
S79T,missense,102
S79T,missense,102
S79V,missense,23
S79V,missense,23
S79W,missense,40
S79Y,missense,50
S83A,missense,54
S83A,missense,54
S83C,missense,35
S83D,missense,49
S83E,missense,40
S83F,missense,28
S83G,missense,40
S83G,missense,40
S83H,missense,31
S83I,missense,47
S83K,missense,47
S83L,missense,41
S83L,missense,41
S83L,missense,41
S83M,missense,35
S83N,missense,56
S83P,missense,41
S83P,missense,41
S83Q,missense,36
S83R,missense,51
S83R,missense,51
S83R,missense,51
S83T,missense,34
S83T,missense,34
S83V,missense,46
S83V,missense,46
S83W,missense,76
S83Y,missense,44
T104A,missense,34
T104A,missense,34
T104C,missense,39
T104D,missense,30
T104E,missense,36
T104F,missense,20
T104G,missense,27
T104G,missense,27
T104H,missense,40
T104I,missense,12
T104K,missense,13
T104L,missense,54
T104L,missense,54
T104L,missense,54
T104M,missense,39
T104N,missense,29
T104P,missense,40
T104P,missense,40
T104Q,missense,12
T104R,missense,19
T104R,missense,19
T104R,missense,19
T104S,missense,5
T104S,missense,5
T104S,missense,5
T104V,missense,26
T104V,missense,26
T104W,missense,50
T104Y,missense,31
T21A,missense,89
T21A,missense,89
T21C,missense,74
T21D,missense,61
T21E,missense,39
T21F,missense,53
T21G,missense,70
T21G,missense,70
T21H,missense,49
T21I,missense,55
T21K,missense,34
T21L,missense,76
T21L,missense,76
T21L,missense,76
T21M,missense,63
T21N,missense,91
T21P,missense,60
T21P,missense,60
T21Q,missense,59
T21R,missense,89
T21R,missense,89
T21R,missense,89
T21S,missense,84
T21S,missense,84
T21S,missense,84
T21V,missense,101
T21V,missense,101
T21W,missense,77
T21Y,missense,67
T2A,missense,32
T2A,missense,32
T2C,missense,12
T2D,missense,106
T2E,missense,80
T2F,missense,38
T2G,missense,87
T2G,missense,87
T2H,missense,44
T2I,missense,42
T2K,missense,75
T2L,missense,3
T2L,missense,3
T2L,missense,3
T2M,missense,78
T2N,missense,42
T2P,missense,34
T2P,missense,34
T2Q,missense,77
T2R,missense,40
T2R,missense,40
T2R,missense,40
T2S,missense,32
T2S,missense,32
T2S,missense,32
T2V,missense,52
T2V,missense,52
T2W,missense,50
T2Y,missense,77
T55A,missense,65
T55A,missense,65
T55C,missense,43
T55D,missense,37
T55E,missense,42
T55F,missense,53
T55G,missense,69
T55G,missense,69
T55H,missense,38
T55I,missense,68
T55K,missense,65
T55L,missense,62
T55L,missense,62
T55L,missense,62
T55M,missense,48
T55N,missense,64
T55P,missense,48
T55P,missense,48
T55Q,missense,51
T55R,missense,92
T55R,missense,92
T55R,missense,92
T55S,missense,56
T55S,missense,56
T55S,missense,56
T55V,missense,93
T55V,missense,93
T55W,missense,113
T55Y,missense,48
T64A,missense,57
T64A,missense,57
T64C,missense,124
T64D,missense,78
T64E,missense,66
T64F,missense,52
T64G,missense,62
T64G,missense,62
T64H,missense,43
T64I,missense,72
T64K,missense,56
T64L,missense,27
T64L,missense,27
T64L,missense,27
T64M,missense,66
T64N,missense,66
T64P,missense,41
T64P,missense,41
T64Q,missense,73
T64R,missense,54
T64R,missense,54
T64R,missense,54
T64S,missense,68
T64S,missense,68
T64S,missense,68
T64V,missense,120
T64V,missense,120
T64W,missense,88
T64Y,missense,39
T94A,missense,37
T94A,missense,37
T94C,missense,9
T94D,missense,41
T94E,missense,33
T94F,missense,31
T94G,missense,15
T94G,missense,15
T94H,missense,23
T94I,missense,31
T94K,missense,21
T94L,missense,18
T94L,missense,18
T94L,missense,18
T94M,missense,80
T94N,missense,29
T94P,missense,9
T94P,missense,9
T94Q,missense,38
T94R,missense,14
T94R,missense,14
T94R,missense,14
T94S,missense,11
T94S,missense,11
T94S,missense,11
T94V,missense,4
T94V,missense,4
T94W,missense,58
T94Y,missense,55
V101A,missense,5
V101A,missense,5
V101C,missense,20
V101D,missense,10
V101E,missense,42
V101F,missense,31
V101G,missense,10
V101G,missense,10
V101H,missense,1
V101I,missense,12
V101K,missense,7
V101L,missense,0
V101L,missense,0
V101L,missense,0
V101M,missense,16
V101N,missense,7
V101P,missense,3
V101P,missense,3
V101Q,missense,17
V101R,missense,10
V101R,missense,10
V101R,missense,10
V101S,missense,0
V101S,missense,0
V101S,missense,0
V101T,missense,5
V101T,missense,5
V101W,missense,31
V101Y,missense,14
V103A,missense,12
V103A,missense,12
V103C,missense,2
V103D,missense,2
V103E,missense,4
V103F,missense,15
V103G,missense,34
V103G,missense,34
V103H,missense,21
V103I,missense,7
V103K,missense,18
V103L,missense,7
V103L,missense,7
V103L,missense,7
V103M,missense,19
V103N,missense,22
V103P,missense,0
V103P,missense,0
V103Q,missense,0
V103R,missense,9
V103R,missense,9
V103R,missense,9
V103S,missense,1
V103S,missense,1
V103S,missense,1
V103T,missense,3
V103T,missense,3
V103W,missense,3
V103Y,missense,0
V112A,missense,13
V112A,missense,13
V112C,missense,16
V112D,missense,47
V112E,missense,37
V112F,missense,38
V112G,missense,14
V112G,missense,14
V112H,missense,6
V112I,missense,63
V112K,missense,13
V112L,missense,25
V112L,missense,25
V112L,missense,25
V112M,missense,30
V112N,missense,16
V112P,missense,15
V112P,missense,15
V112Q,missense,20
V112R,missense,25
V112R,missense,25
V112R,missense,25
V112S,missense,36
V112S,missense,36
V112S,missense,36
V112T,missense,20
V112T,missense,20
V112W,missense,35
V112Y,missense,35
V123A,missense,166
V123A,missense,166
V123C,missense,63
V123D,missense,90
V123E,missense,84
V123F,missense,42
V123G,missense,152
V123G,missense,152
V123H,missense,132
V123I,missense,40
V123K,missense,90
V123L,missense,135
V123L,missense,135
V123L,missense,135
V123M,missense,60
V123N,missense,79
V123P,missense,83
V123P,missense,83
V123Q,missense,90
V123R,missense,69
V123R,missense,69
V123R,missense,69
V123S,missense,59
V123S,missense,59
V123S,missense,59
V123T,missense,60
V123T,missense,60
V123W,missense,82
V123Y,missense,21
V14A,missense,45
V14A,missense,45
V14C,missense,43
V14D,missense,45
V14E,missense,81
V14F,missense,59
V14G,missense,44
V14G,missense,44
V14H,missense,57
V14I,missense,38
V14K,missense,7
V14L,missense,27
V14L,missense,27
V14L,missense,27
V14M,missense,17
V14N,missense,48
V14P,missense,31
V14P,missense,31
V14Q,missense,36
V14R,missense,21
V14R,missense,21
V14R,missense,21
V14S,missense,21
V14S,missense,21
V14S,missense,21
V14T,missense,34
V14T,missense,34
V14W,missense,56
V14Y,missense,18
V157A,missense,47
V157A,missense,47
V157C,missense,36
V157D,missense,22
V157E,missense,64
V157F,missense,44
V157G,missense,64
V157G,missense,64
V157H,missense,52
V157I,missense,42
V157K,missense,74
V157L,missense,63
V157L,missense,63
V157L,missense,63
V157M,missense,77
V157N,missense,23
V157P,missense,48
V157P,missense,48
V157Q,missense,82
V157R,missense,50
V157R,missense,50
V157R,missense,50
V157S,missense,42
V157S,missense,42
V157S,missense,42
V157T,missense,70
V157T,missense,70
V157W,missense,71
V157Y,missense,46
V16A,missense,42
V16A,missense,42
V16C,missense,22
V16D,missense,46
V16E,missense,88
V16F,missense,65
V16G,missense,63
V16G,missense,63
V16H,missense,62
V16I,missense,40
V16K,missense,57
V16L,missense,19
V16L,missense,19
V16L,missense,19
V16M,missense,45
V16N,missense,33
V16P,missense,34
V16P,missense,34
V16Q,missense,45
V16R,missense,42
V16R,missense,42
V16R,missense,42
V16S,missense,27
V16S,missense,27
V16S,missense,27
V16T,missense,38
V16T,missense,38
V16W,missense,42
V16Y,missense,23
V18A,missense,43
V18A,missense,43
V18C,missense,16
V18D,missense,42
V18E,missense,54
V18F,missense,76
V18G,missense,111
V18G,missense,111
V18H,missense,54
V18I,missense,55
V18K,missense,46
V18L,missense,50
V18L,missense,50
V18L,missense,50
V18M,missense,106
V18N,missense,74
V18P,missense,73
V18P,missense,73
V18Q,missense,26
V18R,missense,75
V18R,missense,75
V18R,missense,75
V18S,missense,65
V18S,missense,65
V18S,missense,65
V18T,missense,81
V18T,missense,81
V18W,missense,78
V18Y,missense,46
V19A,missense,50
V19A,missense,50
V19C,missense,54
V19D,missense,85
V19E,missense,49
V19F,missense,143
V19G,missense,113
V19G,missense,113
V19H,missense,115
V19I,missense,122
V19K,missense,72
V19L,missense,66
V19L,missense,66
V19L,missense,66
V19M,missense,80
V19N,missense,78
V19P,missense,103
V19P,missense,103
V19Q,missense,68
V19R,missense,128
V19R,missense,128
V19R,missense,128
V19S,missense,82
V19S,missense,82
V19S,missense,82
V19T,missense,89
V19T,missense,89
V19W,missense,39
V19Y,missense,47
V20A,missense,40
V20A,missense,40
V20C,missense,90
V20D,missense,75
V20E,missense,88
V20F,missense,77
V20G,missense,51
V20G,missense,51
V20H,missense,40
V20I,missense,64
V20K,missense,106
V20L,missense,84
V20L,missense,84
V20L,missense,84
V20M,missense,83
V20N,missense,46
V20P,missense,46
V20P,missense,46
V20Q,missense,86
V20R,missense,66
V20R,missense,66
V20R,missense,66
V20S,missense,74
V20S,missense,74
V20S,missense,74
V20T,missense,56
V20T,missense,56
V20W,missense,58
V20Y,missense,67
V29A,missense,47
V29A,missense,47
V29C,missense,15
V29D,missense,4
V29E,missense,15
V29F,missense,8
V29G,missense,16
V29G,missense,16
V29H,missense,23
V29I,missense,35
V29K,missense,15
V29L,missense,36
V29L,missense,36
V29L,missense,36
V29M,missense,0
V29N,missense,47
V29P,missense,10
V29P,missense,10
V29Q,missense,53
V29R,missense,18
V29R,missense,18
V29R,missense,18
V29S,missense,32
V29S,missense,32
V29S,missense,32
V29T,missense,36
V29T,missense,36
V29W,missense,41
V29Y,missense,23
V38A,missense,50
V38A,missense,50
V38C,missense,75
V38D,missense,65
V38E,missense,81
V38F,missense,74
V38G,missense,67
V38G,missense,67
V38H,missense,63
V38I,missense,57
V38K,missense,66
V38L,missense,48
V38L,missense,48
V38L,missense,48
V38M,missense,76
V38N,missense,34
V38P,missense,97
V38P,missense,97
V38Q,missense,59
V38R,missense,48
V38R,missense,48
V38R,missense,48
V38S,missense,42
V38S,missense,42
V38S,missense,42
V38T,missense,40
V38T,missense,40
V38W,missense,96
V38Y,missense,59
V75A,missense,43
V75A,missense,43
V75C,missense,46
V75D,missense,61
V75E,missense,59
V75F,missense,94
V75G,missense,54
V75G,missense,54
V75H,missense,52
V75I,missense,43
V75K,missense,53
V75L,missense,32
V75L,missense,32
V75L,missense,32
V75M,missense,92
V75N,missense,67
V75P,missense,50
V75P,missense,50
V75Q,missense,59
V75R,missense,75
V75R,missense,75
V75R,missense,75
V75S,missense,31
V75S,missense,31
V75S,missense,31
V75T,missense,43
V75T,missense,43
V75W,missense,55
V75Y,missense,63
V80A,missense,80
V80A,missense,80
V80C,missense,50
V80D,missense,55
V80E,missense,52
V80F,missense,62
V80G,missense,40
V80G,missense,40
V80H,missense,54
V80I,missense,39
V80K,missense,56
V80L,missense,46
V80L,missense,46
V80L,missense,46
V80M,missense,71
V80N,missense,29
V80P,missense,46
V80P,missense,46
V80Q,missense,91
V80R,missense,49
V80R,missense,49
V80R,missense,49
V80S,missense,28
V80S,missense,28
V80S,missense,28
V80T,missense,48
V80T,missense,48
V80W,missense,54
V80Y,missense,38
V81A,missense,41
V81A,missense,41
V81C,missense,35
V81D,missense,67
V81E,missense,46
V81F,missense,66
V81G,missense,18
V81G,missense,18
V81H,missense,24
V81I,missense,40
V81K,missense,38
V81L,missense,58
V81L,missense,58
V81L,missense,58
V81M,missense,65
V81N,missense,15
V81P,missense,41
V81P,missense,41
V81Q,missense,32
V81R,missense,6
V81R,missense,6
V81R,missense,6
V81S,missense,17
V81S,missense,17
V81S,missense,17
V81T,missense,17
V81T,missense,17
V81W,missense,40
V81Y,missense,29
V93A,missense,31
V93A,missense,31
V93C,missense,14
V93D,missense,22
V93E,missense,47
V93F,missense,16
V93G,missense,29
V93G,missense,29
V93H,missense,39
V93I,missense,57
V93K,missense,48
V93L,missense,23
V93L,missense,23
V93L,missense,23
V93M,missense,22
V93N,missense,17
V93P,missense,45
V93P,missense,45
V93Q,missense,46
V93R,missense,48
V93R,missense,48
V93R,missense,48
V93S,missense,28
V93S,missense,28
V93S,missense,28
V93T,missense,50
V93T,missense,50
V93W,missense,38
V93Y,missense,42
W120A,missense,40
W120A,missense,40
W120C,missense,74
W120D,missense,62
W120E,missense,49
W120F,missense,70
W120G,missense,106
W120G,missense,106
W120H,missense,50
W120I,missense,86
W120K,missense,95
W120L,missense,43
W120L,missense,43
W120L,missense,43
W120M,missense,41
W120N,missense,28
W120P,missense,33
W120P,missense,33
W120Q,missense,112
W120R,missense,48
W120R,missense,48
W120R,missense,48
W120S,missense,50
W120S,missense,50
W120S,missense,50
W120T,missense,29
W120T,missense,29
W120V,missense,48
W120V,missense,48
W120Y,missense,56
W122A,missense,78
W122A,missense,78
W122C,missense,117
W122D,missense,44
W122E,missense,52
W122F,missense,49
W122G,missense,7
W122G,missense,7
W122H,missense,102
W122I,missense,86
W122K,missense,125
W122L,missense,71
W122L,missense,71
W122L,missense,71
W122M,missense,54
W122N,missense,115
W122P,missense,143
W122P,missense,143
W122Q,missense,102
W122R,missense,53
W122R,missense,53
W122R,missense,53
W122S,missense,75
W122S,missense,75
W122S,missense,75
W122T,missense,152
W122T,missense,152
W122V,missense,4
W122V,missense,4
W122Y,missense,83
W125A,missense,79
W125A,missense,79
W125C,missense,54
W125D,missense,89
W125E,missense,90
W125F,missense,57
W125G,missense,97
W125G,missense,97
W125H,missense,31
W125I,missense,109
W125K,missense,58
W125L,missense,24
W125L,missense,24
W125L,missense,24
W125M,missense,82
W125N,missense,71
W125P,missense,60
W125P,missense,60
W125Q,missense,104
W125R,missense,121
W125R,missense,121
W125R,missense,121
W125S,missense,79
W125S,missense,79
W125S,missense,79
W125T,missense,52
W125T,missense,52
W125V,missense,116
W125V,missense,116
W125Y,missense,73
W136A,missense,30
W136A,missense,30
W136C,missense,115
W136D,missense,74
W136E,missense,53
W136F,missense,92
W136G,missense,97
W136G,missense,97
W136H,missense,79
W136I,missense,96
W136K,missense,128
W136L,missense,82
W136L,missense,82
W136L,missense,82
W136M,missense,53
W136N,missense,89
W136P,missense,43
W136P,missense,43
W136Q,missense,13
W136R,missense,73
W136R,missense,73
W136R,missense,73
W136S,missense,100
W136S,missense,100
W136S,missense,100
W136T,missense,140
W136T,missense,140
W136V,missense,72
W136V,missense,72
W136Y,missense,130
W56A,missense,75
W56A,missense,75
W56C,missense,85
W56D,missense,36
W56E,missense,23
W56F,missense,81
W56G,missense,89
W56G,missense,89
W56H,missense,59
W56I,missense,43
W56K,missense,123
W56L,missense,75
W56L,missense,75
W56L,missense,75
W56M,missense,46
W56N,missense,67
W56P,missense,36
W56P,missense,36
W56Q,missense,42
W56R,missense,37
W56R,missense,37
W56R,missense,37
W56S,missense,20
W56S,missense,20
W56S,missense,20
W56T,missense,44
W56T,missense,44
W56V,missense,39
W56V,missense,39
W56Y,missense,40
W65A,missense,47
W65A,missense,47
W65C,missense,47
W65D,missense,32
W65E,missense,37
W65F,missense,39
W65G,missense,47
W65G,missense,47
W65H,missense,108
W65I,missense,83
W65K,missense,54
W65L,missense,65
W65L,missense,65
W65L,missense,65
W65M,missense,52
W65N,missense,53
W65P,missense,26
W65P,missense,26
W65Q,missense,79
W65R,missense,55
W65R,missense,55
W65R,missense,55
W65S,missense,70
W65S,missense,70
W65S,missense,70
W65T,missense,68
W65T,missense,68
W65V,missense,59
W65V,missense,59
W65Y,missense,92
Y146A,missense,31
Y146A,missense,31
Y146C,missense,24
Y146D,missense,34
Y146E,missense,52
Y146F,missense,35
Y146G,missense,18
Y146G,missense,18
Y146H,missense,39
Y146I,missense,39
Y146K,missense,15
Y146L,missense,21
Y146L,missense,21
Y146L,missense,21
Y146M,missense,49
Y146N,missense,31
Y146P,missense,45
Y146P,missense,45
Y146Q,missense,19
Y146R,missense,15
Y146R,missense,15
Y146R,missense,15
Y146S,missense,28
Y146S,missense,28
Y146S,missense,28
Y146T,missense,59
Y146T,missense,59
Y146V,missense,15
Y146V,missense,15
Y146W,missense,46
Y159A,missense,98
Y159A,missense,98
Y159C,missense,84
Y159D,missense,44
Y159E,missense,87
Y159F,missense,66
Y159G,missense,44
Y159G,missense,44
Y159H,missense,35
Y159I,missense,99
Y159K,missense,80
Y159L,missense,60
Y159L,missense,60
Y159L,missense,60
Y159M,missense,58
Y159N,missense,77
Y159P,missense,63
Y159P,missense,63
Y159Q,missense,55
Y159R,missense,106
Y159R,missense,106
Y159R,missense,106
Y159S,missense,115
Y159S,missense,115
Y159S,missense,115
Y159T,missense,22
Y159T,missense,22
Y159V,missense,82
Y159V,missense,82
Y159W,missense,59
Y90A,missense,26
Y90A,missense,26
Y90C,missense,17
Y90D,missense,11
Y90E,missense,0
Y90F,missense,6
Y90G,missense,7
Y90G,missense,7
Y90H,missense,10
Y90I,missense,12
Y90K,missense,2
Y90L,missense,7
Y90L,missense,7
Y90L,missense,7
Y90M,missense,18
Y90N,missense,15
Y90P,missense,3
Y90P,missense,3
Y90Q,missense,18
Y90R,missense,0
Y90R,missense,0
Y90R,missense,0
Y90S,missense,1
Y90S,missense,1
Y90S,missense,1
Y90T,missense,9
Y90T,missense,9
Y90V,missense,22
Y90V,missense,22
Y90W,missense,3
Y92A,missense,56
Y92A,missense,56
Y92C,missense,51
Y92D,missense,60
Y92E,missense,72
Y92F,missense,58
Y92G,missense,56
Y92G,missense,56
Y92H,missense,48
Y92I,missense,72
Y92K,missense,42
Y92L,missense,34
Y92L,missense,34
Y92L,missense,34
Y92M,missense,72
Y92N,missense,73
Y92P,missense,18
Y92P,missense,18
Y92Q,missense,63
Y92R,missense,32
Y92R,missense,32
Y92R,missense,32
Y92S,missense,46
Y92S,missense,46
Y92S,missense,46
Y92T,missense,77
Y92T,missense,77
Y92V,missense,47
Y92V,missense,47
Y92W,missense,34
